user_id,job_id,interaction_type,timestamp
user_98,job_864,saved,2025-02-20 11:47:58
user_201,job_535,saved,2024-08-17 09:19:44
user_240,job_697,saved,2024-10-14 23:57:13
user_98,job_498,applied,2024-06-09 06:04:20
user_278,job_252,applied,2024-11-18 17:20:59
user_29,job_472,saved,2024-12-30 01:03:54
user_257,job_190,applied,2024-08-13 03:27:06
user_465,job_215,saved,2024-05-10 23:35:34
user_381,job_371,saved,2025-02-06 05:20:52
user_228,job_728,applied,2025-04-12 07:47:25
user_206,job_216,applied,2025-01-29 02:25:32
user_75,job_920,applied,2024-12-28 21:26:31
user_115,job_282,saved,2024-07-13 23:39:51
user_42,job_282,saved,2024-09-29 06:20:22
user_308,job_60,applied,2024-08-04 01:29:52
user_271,job_942,saved,2024-11-05 21:57:03
user_248,job_957,saved,2025-04-19 15:47:47
user_243,job_97,saved,2024-04-26 13:13:34
user_383,job_446,saved,2025-02-25 11:49:15
user_189,job_73,saved,2024-07-29 12:46:36
user_277,job_354,applied,2024-12-05 14:04:42
user_310,job_599,applied,2025-04-18 03:22:05
user_111,job_961,applied,2025-04-23 11:15:44
user_13,job_984,applied,2025-02-23 06:02:51
user_199,job_506,applied,2025-01-19 16:37:35
user_16,job_794,applied,2025-02-05 04:03:12
user_315,job_878,saved,2024-05-14 14:23:35
user_332,job_99,saved,2024-11-11 19:41:29
user_299,job_987,saved,2024-12-22 16:40:39
user_77,job_95,saved,2024-09-27 05:07:59
user_491,job_467,applied,2024-07-05 10:50:06
user_326,job_96,saved,2024-11-15 17:43:11
user_192,job_407,applied,2024-05-22 02:41:21
user_232,job_67,saved,2025-02-05 17:20:35
user_73,job_856,saved,2024-12-10 10:13:22
user_123,job_911,applied,2025-02-10 08:10:38
user_254,job_941,saved,2024-12-23 04:19:48
user_392,job_705,applied,2025-01-15 20:35:25
user_10,job_313,saved,2025-04-06 06:23:39
user_85,job_974,applied,2024-11-27 00:20:26
user_147,job_274,saved,2024-05-10 23:37:12
user_432,job_608,applied,2024-12-16 09:46:20
user_81,job_412,saved,2024-05-05 16:31:55
user_389,job_169,applied,2024-05-31 10:02:02
user_308,job_47,applied,2024-07-07 07:52:23
user_334,job_156,saved,2024-08-14 08:14:06
user_360,job_33,applied,2024-10-20 00:29:57
user_81,job_957,applied,2024-12-14 02:01:30
user_306,job_193,saved,2024-05-05 00:13:45
user_317,job_277,applied,2024-12-16 21:44:01
user_493,job_392,saved,2025-02-05 05:15:11
user_32,job_273,saved,2025-03-21 03:07:14
user_230,job_582,saved,2024-09-17 17:20:21
user_40,job_826,applied,2025-02-24 18:54:51
user_231,job_165,applied,2025-02-24 14:55:08
user_278,job_412,saved,2024-11-06 01:31:22
user_41,job_697,applied,2024-06-11 13:22:19
user_397,job_609,saved,2025-03-10 23:08:45
user_83,job_593,saved,2024-09-26 20:55:53
user_379,job_923,saved,2024-08-18 16:55:20
user_104,job_575,applied,2024-08-26 03:12:13
user_367,job_537,saved,2024-04-29 12:14:41
user_173,job_126,applied,2024-10-07 19:29:31
user_432,job_247,saved,2024-12-20 04:26:58
user_240,job_240,applied,2024-05-14 08:48:47
user_231,job_113,saved,2025-04-01 15:38:44
user_448,job_886,applied,2024-06-16 02:32:35
user_271,job_491,saved,2025-03-27 11:19:01
user_231,job_343,saved,2025-04-08 09:10:09
user_77,job_167,applied,2024-06-17 12:49:53
user_421,job_998,saved,2024-09-18 07:42:25
user_231,job_200,applied,2024-05-25 15:11:33
user_453,job_882,saved,2024-09-12 11:49:31
user_448,job_307,saved,2024-05-06 14:02:29
user_183,job_721,saved,2024-09-17 18:56:07
user_93,job_872,applied,2024-06-24 16:59:58
user_44,job_959,applied,2024-04-30 05:31:17
user_342,job_643,applied,2024-10-11 04:23:04
user_278,job_588,saved,2025-01-09 10:14:09
user_226,job_343,applied,2024-05-17 00:23:29
user_468,job_716,applied,2025-03-26 19:33:07
user_298,job_849,applied,2025-03-15 22:03:54
user_310,job_735,applied,2024-04-28 10:45:25
user_231,job_147,applied,2024-10-26 01:25:29
user_335,job_397,applied,2024-12-12 18:13:52
user_205,job_513,saved,2024-05-04 06:19:46
user_143,job_796,applied,2024-06-28 16:47:25
user_448,job_108,saved,2024-07-05 14:15:36
user_342,job_883,applied,2025-01-10 16:46:32
user_360,job_378,saved,2024-10-11 05:05:53
user_195,job_481,saved,2024-06-09 10:42:20
user_45,job_78,applied,2024-05-07 23:29:56
user_115,job_597,saved,2024-08-07 06:34:24
user_344,job_736,saved,2025-04-21 04:36:24
user_92,job_105,applied,2024-10-30 06:43:28
user_300,job_619,saved,2024-05-13 18:28:09
user_263,job_803,saved,2024-07-15 06:14:39
user_121,job_661,saved,2025-02-18 01:00:12
user_377,job_630,applied,2025-04-23 11:35:04
user_246,job_190,saved,2024-11-28 05:49:08
user_85,job_109,applied,2024-07-31 19:28:09
user_51,job_990,saved,2025-02-01 19:11:55
user_230,job_503,applied,2025-03-13 17:39:21
user_313,job_43,saved,2025-01-29 09:23:35
user_289,job_957,applied,2025-01-27 05:34:07
user_340,job_274,saved,2025-04-12 07:11:01
user_144,job_399,saved,2024-05-01 18:00:42
user_274,job_610,applied,2025-02-17 08:37:34
user_247,job_227,saved,2024-06-10 09:41:24
user_421,job_760,saved,2025-01-03 08:44:24
user_342,job_93,saved,2024-10-27 20:48:34
user_380,job_244,applied,2025-03-09 21:30:07
user_65,job_272,applied,2024-11-19 20:16:28
user_215,job_797,applied,2024-11-18 08:25:26
user_123,job_805,saved,2024-11-22 19:51:12
user_134,job_725,applied,2024-08-21 04:12:56
user_173,job_208,applied,2024-05-16 05:42:38
user_495,job_748,saved,2024-06-16 06:24:19
user_460,job_693,saved,2025-04-06 23:44:37
user_442,job_198,applied,2024-12-24 02:18:20
user_374,job_235,saved,2024-06-28 05:48:08
user_352,job_751,saved,2024-10-23 06:15:18
user_190,job_868,applied,2024-05-24 03:25:33
user_453,job_46,applied,2025-02-14 19:29:37
user_447,job_622,applied,2025-02-23 15:42:36
user_130,job_841,applied,2024-07-03 01:21:52
user_78,job_927,saved,2025-02-28 15:17:58
user_99,job_916,applied,2024-10-16 15:58:57
user_448,job_229,applied,2024-06-16 21:11:55
user_184,job_244,saved,2025-01-22 22:27:47
user_189,job_357,saved,2024-05-10 15:43:06
user_276,job_563,applied,2024-05-20 13:35:14
user_77,job_52,saved,2024-10-08 21:55:52
user_227,job_984,applied,2024-11-20 20:38:10
user_243,job_229,saved,2024-05-01 01:37:14
user_116,job_622,applied,2025-04-21 03:52:09
user_234,job_553,applied,2024-08-22 23:40:21
user_64,job_498,applied,2024-09-08 22:00:39
user_364,job_285,applied,2024-08-04 20:17:23
user_371,job_941,applied,2025-03-09 00:52:10
user_285,job_212,applied,2025-01-07 11:23:16
user_214,job_263,saved,2024-11-10 20:10:09
user_389,job_341,saved,2024-06-22 18:42:15
user_336,job_303,applied,2025-03-01 00:33:42
user_79,job_172,saved,2024-07-30 01:48:51
user_381,job_670,applied,2025-02-18 02:33:02
user_460,job_839,saved,2025-01-24 01:23:59
user_407,job_398,saved,2025-02-10 01:31:11
user_144,job_671,saved,2024-12-23 20:17:30
user_86,job_649,applied,2024-04-24 19:18:45
user_22,job_321,applied,2024-08-02 05:45:26
user_381,job_581,saved,2025-02-12 21:12:13
user_443,job_926,applied,2024-06-16 10:11:35
user_378,job_863,saved,2024-06-10 03:22:56
user_266,job_50,applied,2024-10-13 00:02:10
user_441,job_282,saved,2024-11-21 19:13:00
user_207,job_470,saved,2024-12-19 15:51:39
user_376,job_910,saved,2025-01-03 09:38:21
user_184,job_659,applied,2025-02-20 18:05:13
user_299,job_535,saved,2024-09-14 12:21:44
user_103,job_229,applied,2024-09-16 08:40:43
user_493,job_327,saved,2024-10-19 00:41:33
user_134,job_19,saved,2024-05-14 16:37:06
user_291,job_555,saved,2024-05-29 20:23:06
user_377,job_741,saved,2024-07-15 23:02:01
user_326,job_490,applied,2024-05-26 02:35:24
user_85,job_763,applied,2025-02-23 05:39:14
user_346,job_566,saved,2024-10-06 21:43:07
user_271,job_13,saved,2024-04-30 15:23:57
user_182,job_312,saved,2024-07-09 21:41:09
user_154,job_975,applied,2024-07-23 07:17:15
user_452,job_393,saved,2025-01-09 08:29:42
user_78,job_864,applied,2024-08-28 02:28:35
user_29,job_697,saved,2024-06-19 16:36:57
user_477,job_467,applied,2024-05-06 17:13:11
user_493,job_646,applied,2025-02-06 16:03:43
user_136,job_776,saved,2024-08-27 06:19:00
user_490,job_74,applied,2025-01-31 08:38:55
user_64,job_669,applied,2024-05-05 02:44:27
user_403,job_996,saved,2024-11-22 18:45:02
user_118,job_1000,saved,2025-01-05 18:20:02
user_428,job_698,saved,2024-05-26 00:25:51
user_318,job_801,applied,2024-10-19 08:49:41
user_36,job_152,applied,2024-07-31 14:49:36
user_86,job_245,applied,2024-10-18 08:07:29
user_308,job_87,saved,2024-06-15 08:51:55
user_326,job_18,saved,2024-10-07 13:14:37
user_192,job_880,saved,2024-11-26 17:27:58
user_300,job_417,saved,2025-03-17 12:51:55
user_494,job_723,saved,2025-03-19 10:58:09
user_30,job_888,applied,2025-01-27 02:07:47
user_190,job_878,applied,2025-01-09 23:39:27
user_442,job_976,saved,2024-10-12 14:49:51
user_442,job_765,applied,2025-02-05 15:55:08
user_135,job_7,applied,2024-09-08 07:25:23
user_329,job_755,applied,2024-05-11 18:49:10
user_4,job_316,saved,2024-11-08 23:57:30
user_122,job_325,saved,2024-08-13 06:45:39
user_137,job_902,saved,2024-07-09 04:13:55
user_204,job_409,saved,2025-01-18 10:39:29
user_491,job_989,saved,2024-08-02 07:05:17
user_221,job_73,applied,2024-07-02 03:09:04
user_402,job_689,applied,2024-05-03 19:52:51
user_310,job_21,applied,2024-08-20 23:21:05
user_10,job_392,saved,2024-08-02 15:53:12
user_199,job_261,applied,2024-06-16 15:54:04
user_222,job_764,saved,2024-12-29 04:40:46
user_104,job_305,applied,2024-07-30 04:46:09
user_263,job_720,applied,2024-04-26 09:45:33
user_332,job_154,applied,2024-07-24 10:49:03
user_161,job_842,applied,2024-12-19 11:53:43
user_375,job_204,applied,2024-08-05 18:00:58
user_399,job_278,applied,2024-06-24 20:51:12
user_456,job_751,saved,2024-10-12 07:09:11
user_233,job_925,saved,2024-08-08 00:49:33
user_98,job_856,applied,2024-07-12 20:52:53
user_383,job_790,saved,2025-03-06 15:21:13
user_460,job_648,saved,2024-10-18 22:41:51
user_38,job_620,saved,2024-07-09 16:39:46
user_467,job_113,applied,2024-11-10 07:53:57
user_376,job_199,applied,2024-08-31 07:00:11
user_85,job_488,applied,2024-08-02 05:39:16
user_300,job_344,applied,2025-03-08 12:48:42
user_350,job_750,applied,2025-02-13 11:41:52
user_357,job_817,saved,2024-10-18 19:51:07
user_227,job_568,saved,2024-07-07 18:59:18
user_186,job_885,saved,2024-05-22 00:43:57
user_322,job_201,applied,2024-05-14 05:57:05
user_222,job_27,saved,2024-05-21 19:00:14
user_491,job_703,applied,2024-10-15 20:27:45
user_413,job_275,applied,2024-12-19 13:13:43
user_310,job_699,saved,2024-07-08 16:30:07
user_482,job_967,saved,2024-09-15 21:43:20
user_326,job_606,saved,2024-06-06 02:32:51
user_220,job_726,applied,2025-01-17 04:11:39
user_357,job_152,applied,2024-09-03 17:17:08
user_410,job_164,applied,2024-07-12 09:46:32
user_39,job_654,applied,2024-04-27 19:59:29
user_348,job_72,applied,2024-04-30 08:04:05
user_215,job_330,saved,2024-06-27 19:52:39
user_322,job_671,saved,2025-02-28 01:00:02
user_19,job_223,saved,2024-08-17 20:42:10
user_450,job_814,applied,2024-05-11 03:08:31
user_294,job_386,saved,2024-08-03 16:45:13
user_233,job_720,saved,2024-07-25 03:11:42
user_190,job_864,saved,2024-06-10 05:56:17
user_458,job_560,applied,2025-04-01 10:33:56
user_39,job_99,applied,2024-10-15 21:03:49
user_141,job_43,applied,2025-03-31 13:41:09
user_453,job_487,applied,2024-07-10 15:47:22
user_201,job_537,saved,2024-11-09 00:54:21
user_171,job_816,applied,2024-10-03 03:29:37
user_324,job_212,applied,2025-02-09 13:40:04
user_352,job_993,applied,2024-06-30 20:44:39
user_201,job_310,saved,2024-11-06 15:44:42
user_244,job_612,applied,2024-07-23 19:53:09
user_231,job_951,saved,2024-08-08 20:53:37
user_52,job_60,saved,2024-04-24 19:01:58
user_213,job_395,applied,2024-12-28 23:15:05
user_389,job_476,applied,2025-02-18 12:31:25
user_287,job_948,applied,2025-03-10 17:36:22
user_453,job_879,saved,2025-04-11 04:47:02
user_361,job_891,saved,2025-03-22 14:01:31
user_278,job_209,applied,2024-12-28 14:12:09
user_115,job_410,applied,2025-03-01 06:15:08
user_497,job_224,applied,2025-02-09 19:28:59
user_348,job_765,saved,2024-05-14 23:31:02
user_364,job_89,saved,2024-06-18 18:13:22
user_321,job_665,applied,2025-03-11 15:25:17
user_197,job_411,applied,2024-08-11 13:48:42
user_235,job_718,applied,2025-01-17 05:08:59
user_482,job_411,applied,2025-01-06 06:35:07
user_194,job_4,saved,2024-12-28 13:42:18
user_98,job_891,saved,2024-07-17 13:16:36
user_306,job_507,saved,2024-09-12 06:25:41
user_78,job_102,saved,2025-02-22 14:49:36
user_40,job_167,applied,2024-05-31 16:37:30
user_387,job_450,saved,2024-09-26 05:12:52
user_46,job_333,applied,2024-11-05 08:38:05
user_362,job_864,applied,2025-01-15 17:41:03
user_384,job_77,saved,2025-02-26 22:33:27
user_270,job_629,saved,2024-10-25 19:31:47
user_268,job_353,saved,2024-05-12 19:21:25
user_49,job_12,saved,2025-01-10 22:37:13
user_468,job_138,applied,2024-09-12 08:29:06
user_174,job_382,applied,2025-04-09 22:06:00
user_305,job_805,saved,2024-06-23 16:27:03
user_173,job_889,applied,2024-05-23 02:03:10
user_165,job_467,applied,2024-07-19 09:49:41
user_477,job_55,saved,2025-01-20 14:10:09
user_161,job_667,applied,2024-08-23 14:08:23
user_321,job_215,saved,2025-04-22 01:27:59
user_313,job_446,applied,2024-07-25 06:47:23
user_245,job_104,applied,2024-06-21 19:34:24
user_106,job_242,applied,2025-01-02 04:14:22
user_446,job_641,applied,2024-12-24 20:33:19
user_58,job_486,saved,2025-02-13 13:16:57
user_413,job_650,applied,2024-12-20 10:54:36
user_342,job_124,applied,2025-03-12 06:21:12
user_125,job_999,applied,2024-08-24 15:09:28
user_104,job_663,saved,2024-11-09 13:56:01
user_121,job_432,applied,2024-04-27 12:58:30
user_422,job_718,applied,2025-01-05 06:20:22
user_131,job_384,applied,2024-08-24 13:21:29
user_351,job_138,applied,2025-03-07 06:09:15
user_318,job_739,saved,2025-03-22 07:03:16
user_394,job_535,saved,2024-06-03 05:00:04
user_233,job_806,applied,2024-11-27 21:54:44
user_51,job_588,applied,2024-04-30 05:49:32
user_234,job_989,applied,2025-01-18 05:55:32
user_152,job_631,saved,2025-03-31 12:55:31
user_472,job_700,saved,2025-01-07 14:26:58
user_403,job_911,saved,2024-05-11 00:21:38
user_261,job_971,applied,2024-07-08 15:25:31
user_314,job_763,saved,2024-07-11 14:59:13
user_174,job_368,applied,2025-01-10 20:37:42
user_466,job_893,applied,2024-08-06 19:20:53
user_41,job_685,applied,2024-08-08 17:08:39
user_241,job_566,applied,2024-10-13 13:14:02
user_346,job_274,saved,2025-04-11 23:52:29
user_279,job_673,saved,2024-10-16 17:07:58
user_26,job_737,applied,2024-12-23 20:14:19
user_215,job_125,applied,2024-08-06 11:11:11
user_95,job_474,applied,2025-01-27 17:52:35
user_154,job_315,saved,2024-07-03 08:27:55
user_95,job_154,applied,2024-07-24 19:44:22
user_384,job_234,saved,2025-01-26 19:37:56
user_230,job_620,saved,2024-09-11 08:26:26
user_388,job_226,saved,2025-02-15 21:10:30
user_440,job_482,applied,2024-12-12 05:29:33
user_404,job_276,applied,2025-01-05 09:01:06
user_351,job_571,applied,2024-06-09 03:14:18
user_467,job_152,saved,2025-01-19 14:19:19
user_493,job_252,applied,2025-02-02 11:56:15
user_192,job_524,saved,2025-02-04 06:30:47
user_324,job_951,saved,2024-12-15 12:35:35
user_371,job_658,saved,2025-03-04 18:59:51
user_78,job_664,applied,2025-01-07 11:02:44
user_322,job_158,saved,2025-01-02 14:38:48
user_284,job_376,saved,2024-04-26 23:29:12
user_149,job_140,applied,2025-03-13 13:22:25
user_171,job_472,applied,2024-07-28 18:40:22
user_194,job_678,saved,2024-07-11 11:07:36
user_236,job_957,saved,2024-07-15 07:17:45
user_154,job_694,applied,2024-05-19 12:48:46
user_300,job_592,applied,2024-06-27 20:06:59
user_182,job_88,applied,2024-06-02 12:27:25
user_179,job_982,saved,2024-09-07 02:31:44
user_101,job_98,applied,2024-12-14 14:13:21
user_138,job_547,applied,2024-08-15 10:50:38
user_9,job_137,applied,2025-04-06 02:52:08
user_70,job_805,saved,2024-07-13 02:18:46
user_288,job_486,saved,2025-02-13 20:47:00
user_155,job_86,applied,2024-12-23 02:29:01
user_387,job_142,applied,2025-03-15 21:26:52
user_403,job_468,applied,2024-05-07 02:10:09
user_346,job_586,saved,2024-10-27 20:40:23
user_198,job_831,applied,2024-09-04 04:02:20
user_66,job_194,saved,2025-03-05 02:20:06
user_415,job_879,saved,2024-06-23 14:35:15
user_299,job_253,saved,2025-04-15 09:04:16
user_433,job_43,saved,2025-02-05 22:52:03
user_480,job_730,applied,2025-03-15 17:05:21
user_216,job_490,saved,2024-07-14 15:05:46
user_446,job_199,saved,2025-02-26 06:33:09
user_214,job_181,saved,2024-08-17 02:38:00
user_324,job_313,saved,2024-10-10 21:01:22
user_371,job_230,applied,2024-08-13 03:45:21
user_222,job_109,saved,2024-09-18 08:16:04
user_18,job_907,saved,2025-01-14 02:13:29
user_318,job_414,applied,2024-09-25 00:02:11
user_85,job_201,saved,2024-05-18 08:52:09
user_32,job_997,saved,2024-06-26 12:42:01
user_499,job_953,saved,2024-09-28 18:05:21
user_35,job_824,applied,2024-06-06 06:28:32
user_450,job_505,saved,2025-02-21 12:49:06
user_30,job_316,applied,2025-02-10 02:32:52
user_114,job_474,saved,2024-06-03 19:27:11
user_374,job_975,saved,2024-11-06 18:22:43
user_469,job_655,applied,2024-11-06 06:14:34
user_33,job_263,applied,2025-02-18 11:36:46
user_248,job_290,saved,2024-09-23 19:56:36
user_405,job_329,saved,2025-03-28 18:44:10
user_299,job_673,applied,2024-12-23 22:33:37
user_312,job_800,saved,2024-11-13 09:52:54
user_420,job_686,applied,2024-09-24 22:49:00
user_334,job_903,saved,2024-07-04 07:36:06
user_231,job_16,saved,2024-04-24 15:59:20
user_339,job_517,applied,2025-02-15 12:28:17
user_17,job_232,saved,2024-05-25 06:49:50
user_357,job_849,saved,2024-11-11 02:01:00
user_148,job_379,applied,2024-12-24 20:16:18
user_78,job_980,applied,2025-04-16 20:11:03
user_368,job_242,saved,2024-07-17 11:04:47
user_9,job_527,applied,2024-08-31 08:13:33
user_64,job_114,saved,2024-08-01 07:47:14
user_277,job_756,saved,2024-08-27 11:17:27
user_60,job_826,applied,2024-07-18 13:45:54
user_270,job_586,saved,2025-04-23 00:55:55
user_195,job_190,applied,2024-04-30 22:08:05
user_142,job_54,saved,2024-10-28 02:04:19
user_458,job_42,saved,2025-04-11 13:09:25
user_68,job_232,applied,2024-10-24 15:25:04
user_140,job_718,applied,2024-06-03 04:19:20
user_357,job_820,applied,2024-06-11 07:18:56
user_151,job_745,applied,2024-06-03 15:52:51
user_303,job_249,applied,2025-03-29 19:48:31
user_65,job_294,saved,2024-06-07 23:56:04
user_280,job_28,applied,2025-03-07 01:50:22
user_468,job_614,saved,2024-05-25 02:38:46
user_233,job_457,applied,2024-10-13 12:36:08
user_104,job_807,saved,2024-07-23 03:30:41
user_336,job_764,applied,2024-11-23 14:29:34
user_250,job_684,saved,2024-11-23 00:42:41
user_236,job_562,saved,2024-06-01 11:01:28
user_334,job_610,applied,2024-09-04 05:15:32
user_97,job_872,applied,2024-10-01 07:02:06
user_357,job_481,applied,2025-03-19 07:56:12
user_306,job_764,applied,2025-04-08 09:01:43
user_316,job_476,saved,2024-08-02 19:54:54
user_125,job_743,saved,2025-03-24 10:12:21
user_138,job_388,saved,2024-11-23 18:41:04
user_266,job_232,applied,2024-10-16 07:03:43
user_19,job_600,applied,2025-01-15 16:54:11
user_384,job_554,saved,2025-03-05 20:38:50
user_364,job_852,saved,2024-07-15 12:34:10
user_263,job_152,saved,2025-01-07 01:36:42
user_453,job_108,applied,2024-08-16 01:33:47
user_243,job_981,saved,2024-09-20 17:14:28
user_2,job_387,saved,2024-06-25 15:27:58
user_384,job_938,applied,2024-09-13 10:47:14
user_214,job_452,saved,2024-08-22 19:04:40
user_17,job_854,applied,2024-09-27 23:26:06
user_135,job_59,applied,2024-07-30 22:11:47
user_493,job_183,saved,2024-09-03 14:34:11
user_421,job_392,applied,2025-02-06 10:38:06
user_288,job_250,saved,2024-07-21 19:32:20
user_351,job_943,applied,2025-02-25 04:34:46
user_290,job_120,applied,2024-09-26 14:19:04
user_368,job_692,applied,2024-08-11 01:54:35
user_243,job_988,saved,2024-11-22 19:35:57
user_336,job_189,applied,2024-08-02 10:26:37
user_200,job_672,saved,2024-08-14 06:06:33
user_334,job_24,applied,2024-12-29 03:07:34
user_500,job_229,applied,2025-01-02 04:44:09
user_125,job_581,saved,2024-08-20 22:09:04
user_381,job_784,saved,2025-04-16 14:22:14
user_143,job_938,saved,2024-10-30 02:01:00
user_66,job_937,saved,2024-12-11 09:50:23
user_335,job_968,applied,2025-03-14 22:13:29
user_311,job_973,saved,2024-11-20 17:50:16
user_378,job_578,saved,2024-05-09 16:18:40
user_231,job_217,saved,2024-04-28 13:15:47
user_97,job_917,applied,2024-10-01 06:11:30
user_373,job_602,saved,2024-11-16 21:56:26
user_204,job_58,saved,2024-07-13 02:39:19
user_40,job_212,applied,2024-08-26 07:53:42
user_325,job_635,saved,2024-09-15 01:55:01
user_403,job_378,saved,2025-03-24 19:11:37
user_61,job_709,applied,2024-05-15 16:28:09
user_339,job_258,saved,2024-08-21 01:08:00
user_304,job_297,applied,2024-07-06 09:38:36
user_423,job_980,applied,2024-10-07 13:19:58
user_176,job_336,saved,2025-02-18 22:28:26
user_386,job_563,applied,2024-11-27 15:49:38
user_378,job_202,saved,2025-02-16 06:04:29
user_2,job_332,applied,2024-12-02 05:50:29
user_304,job_737,applied,2024-09-08 12:06:56
user_308,job_789,applied,2024-11-28 12:19:15
user_392,job_65,applied,2025-01-17 18:45:19
user_35,job_831,applied,2025-02-05 23:23:47
user_64,job_460,applied,2025-01-12 06:20:36
user_347,job_690,saved,2024-08-08 07:19:30
user_103,job_574,applied,2024-07-12 21:38:58
user_193,job_938,saved,2024-09-20 01:12:24
user_56,job_604,saved,2024-05-31 17:29:58
user_95,job_568,applied,2024-10-07 00:12:42
user_243,job_170,saved,2025-01-09 12:45:31
user_290,job_54,saved,2025-02-09 08:59:20
user_76,job_437,applied,2025-04-06 20:07:31
user_312,job_926,saved,2025-04-22 22:28:56
user_228,job_656,saved,2024-09-02 11:23:16
user_352,job_582,saved,2024-10-29 16:39:53
user_415,job_818,applied,2024-07-14 11:22:14
user_69,job_964,saved,2025-01-13 10:46:03
user_232,job_114,saved,2025-04-22 08:22:01
user_296,job_53,saved,2025-03-09 04:04:59
user_70,job_585,applied,2024-10-12 02:40:25
user_350,job_347,applied,2024-10-30 11:53:42
user_92,job_746,applied,2024-08-19 04:19:35
user_285,job_771,applied,2024-08-15 18:56:46
user_441,job_755,applied,2025-04-10 06:04:50
user_460,job_514,saved,2025-01-21 19:18:46
user_88,job_306,applied,2025-02-28 13:15:17
user_17,job_770,saved,2024-11-03 08:42:55
user_243,job_21,saved,2024-07-09 04:25:24
user_419,job_938,saved,2024-05-20 23:48:12
user_55,job_922,saved,2025-01-09 07:00:02
user_141,job_860,saved,2024-05-12 13:32:35
user_448,job_373,saved,2025-02-10 09:37:17
user_135,job_442,applied,2024-12-31 02:05:34
user_13,job_403,saved,2025-02-03 05:30:29
user_111,job_381,saved,2025-02-11 11:14:30
user_473,job_459,saved,2024-05-27 15:01:55
user_386,job_686,saved,2024-05-07 10:03:51
user_336,job_104,saved,2024-09-07 18:13:47
user_351,job_265,saved,2025-04-02 01:01:45
user_35,job_423,applied,2024-08-20 13:20:58
user_244,job_992,applied,2024-08-03 00:44:47
user_264,job_376,applied,2024-09-02 09:13:08
user_343,job_214,applied,2025-04-11 20:11:03
user_489,job_274,applied,2025-04-04 23:33:01
user_246,job_382,saved,2024-07-06 20:32:14
user_344,job_120,saved,2025-03-03 12:41:35
user_155,job_107,saved,2024-06-12 21:58:20
user_45,job_89,applied,2024-06-09 09:32:35
user_38,job_864,applied,2024-12-14 15:20:11
user_348,job_522,saved,2024-05-29 14:46:39
user_402,job_350,saved,2024-05-10 21:27:29
user_148,job_283,applied,2024-07-18 16:37:18
user_50,job_574,applied,2024-05-14 08:47:03
user_399,job_476,saved,2024-07-25 12:23:47
user_307,job_68,saved,2025-04-16 02:56:29
user_377,job_696,saved,2025-03-12 04:07:28
user_261,job_714,applied,2024-10-19 15:20:31
user_394,job_964,applied,2024-11-21 21:59:27
user_333,job_232,applied,2024-04-27 12:33:26
user_415,job_435,saved,2024-12-01 06:00:45
user_17,job_508,applied,2024-10-04 02:20:36
user_329,job_773,applied,2024-09-03 04:45:06
user_343,job_856,applied,2025-04-10 00:10:13
user_204,job_646,applied,2024-10-13 23:57:58
user_407,job_756,saved,2025-02-08 19:54:36
user_243,job_555,saved,2025-01-19 04:11:32
user_42,job_881,saved,2024-09-05 20:01:54
user_235,job_187,saved,2024-05-22 05:32:22
user_374,job_606,saved,2024-06-16 12:28:28
user_298,job_210,saved,2025-03-30 18:20:41
user_328,job_29,saved,2024-07-19 04:10:19
user_120,job_35,saved,2024-06-27 14:41:39
user_221,job_700,saved,2024-10-18 09:15:07
user_185,job_530,applied,2024-04-30 09:36:59
user_207,job_429,applied,2025-04-13 20:40:14
user_289,job_418,saved,2025-04-24 13:40:36
user_1,job_663,saved,2024-09-07 08:28:20
user_446,job_267,applied,2024-12-11 05:01:25
user_397,job_345,applied,2024-05-08 12:08:57
user_391,job_864,saved,2024-11-24 11:28:22
user_347,job_466,saved,2024-05-22 14:00:14
user_135,job_492,saved,2024-05-15 14:00:20
user_98,job_436,saved,2024-12-05 17:18:37
user_341,job_21,applied,2025-04-21 05:28:45
user_235,job_281,saved,2024-05-19 00:00:55
user_223,job_652,applied,2024-07-18 17:01:38
user_330,job_865,applied,2024-05-17 07:57:21
user_361,job_669,saved,2024-05-08 06:53:54
user_11,job_497,applied,2024-10-25 13:07:31
user_467,job_490,saved,2025-04-04 07:57:18
user_326,job_220,applied,2025-04-20 21:30:20
user_84,job_755,saved,2024-05-12 02:41:52
user_368,job_833,saved,2024-11-05 02:29:54
user_224,job_643,applied,2024-06-14 14:40:42
user_178,job_176,saved,2025-01-03 18:35:22
user_453,job_480,saved,2024-07-25 05:26:40
user_437,job_939,applied,2024-07-27 19:05:07
user_347,job_947,applied,2025-03-20 06:30:11
user_188,job_806,saved,2024-06-05 04:27:45
user_13,job_352,saved,2025-01-15 22:35:32
user_246,job_30,applied,2024-11-19 15:26:25
user_27,job_471,applied,2024-10-07 17:57:22
user_73,job_682,saved,2024-05-10 22:06:17
user_75,job_753,saved,2024-11-01 00:57:05
user_330,job_999,saved,2024-08-14 08:37:29
user_169,job_465,applied,2024-07-31 03:29:56
user_248,job_720,applied,2024-06-24 17:54:21
user_227,job_201,applied,2024-11-10 10:18:03
user_434,job_194,applied,2025-02-12 16:52:53
user_228,job_799,saved,2024-12-25 13:59:21
user_445,job_196,applied,2024-07-13 07:14:46
user_310,job_197,saved,2024-12-21 02:42:34
user_334,job_794,applied,2025-02-07 09:03:31
user_63,job_763,saved,2024-10-22 07:11:29
user_231,job_612,saved,2024-06-01 10:54:01
user_281,job_57,applied,2025-01-10 06:20:30
user_325,job_723,applied,2024-07-14 22:13:45
user_269,job_554,saved,2025-03-18 10:54:05
user_51,job_583,applied,2025-02-01 08:08:15
user_17,job_732,saved,2024-07-30 01:09:30
user_456,job_9,saved,2024-09-10 21:21:23
user_243,job_556,saved,2025-03-26 15:30:52
user_224,job_249,applied,2024-09-24 15:41:09
user_405,job_151,saved,2024-08-12 07:12:26
user_360,job_961,saved,2025-01-07 11:47:21
user_347,job_189,saved,2025-02-08 04:06:20
user_336,job_733,saved,2024-08-31 05:38:47
user_38,job_655,applied,2024-06-13 14:33:00
user_272,job_988,saved,2025-04-04 06:49:54
user_296,job_982,applied,2024-08-08 05:52:38
user_32,job_565,applied,2024-11-23 13:03:08
user_1,job_5,saved,2025-01-09 10:06:50
user_464,job_363,applied,2024-08-24 01:23:19
user_271,job_886,saved,2024-06-12 12:36:58
user_44,job_996,saved,2025-03-23 19:19:15
user_92,job_199,saved,2024-10-10 00:19:27
user_400,job_916,saved,2025-01-25 01:51:53
user_55,job_979,saved,2024-12-02 11:45:37
user_285,job_367,saved,2024-09-01 05:00:15
user_324,job_703,applied,2024-10-24 10:40:19
user_220,job_825,applied,2024-09-20 06:29:01
user_43,job_657,saved,2025-01-22 23:23:48
user_391,job_981,saved,2024-11-23 15:24:31
user_245,job_595,applied,2025-02-26 02:36:52
user_314,job_302,saved,2024-10-02 05:33:23
user_264,job_352,saved,2025-01-29 01:52:24
user_316,job_605,saved,2025-01-30 08:18:25
user_473,job_966,saved,2024-10-04 23:40:07
user_334,job_92,saved,2025-01-27 04:13:30
user_90,job_39,saved,2024-10-06 22:51:28
user_475,job_184,applied,2024-06-04 04:53:41
user_379,job_436,applied,2024-11-30 16:01:47
user_434,job_758,saved,2024-12-24 15:43:00
user_222,job_361,applied,2024-07-09 11:31:50
user_460,job_929,saved,2024-08-13 05:27:05
user_248,job_94,saved,2024-09-21 04:26:18
user_494,job_243,saved,2025-02-05 17:02:06
user_194,job_999,applied,2024-05-19 01:16:51
user_407,job_416,applied,2025-04-08 23:26:26
user_415,job_321,applied,2024-06-16 18:41:53
user_33,job_998,saved,2024-05-31 10:48:20
user_456,job_897,saved,2024-11-19 13:59:02
user_56,job_446,saved,2025-02-16 23:03:10
user_140,job_628,saved,2024-05-06 14:08:28
user_184,job_965,applied,2024-07-08 08:25:58
user_222,job_688,saved,2025-01-30 23:22:20
user_229,job_949,applied,2024-08-24 07:07:03
user_62,job_562,applied,2024-10-09 01:37:03
user_228,job_447,applied,2024-09-03 20:19:44
user_186,job_406,saved,2025-03-29 12:21:57
user_207,job_681,saved,2024-06-25 08:25:47
user_169,job_432,applied,2025-04-11 20:09:36
user_184,job_288,saved,2025-02-28 17:09:05
user_272,job_159,saved,2024-07-03 09:38:14
user_4,job_959,saved,2025-03-18 09:44:44
user_392,job_762,applied,2024-09-10 07:34:09
user_68,job_860,applied,2024-11-11 14:39:28
user_245,job_579,saved,2025-01-22 13:43:39
user_29,job_328,saved,2024-11-29 19:37:40
user_422,job_274,applied,2024-09-14 21:05:44
user_269,job_859,applied,2024-11-03 07:55:23
user_430,job_67,saved,2024-12-25 16:05:38
user_314,job_15,saved,2024-11-16 19:02:24
user_457,job_57,saved,2024-05-31 02:49:48
user_480,job_576,saved,2025-02-01 22:38:16
user_19,job_622,saved,2024-10-24 03:37:43
user_250,job_5,saved,2025-02-24 14:36:22
user_270,job_165,saved,2024-04-29 23:47:56
user_152,job_435,saved,2024-07-21 07:35:49
user_323,job_122,applied,2024-07-24 23:02:05
user_140,job_777,saved,2025-02-02 00:20:34
user_16,job_989,applied,2024-12-26 02:42:03
user_347,job_553,applied,2025-04-11 22:07:17
user_136,job_264,applied,2024-08-25 14:18:42
user_443,job_42,applied,2024-09-03 15:32:26
user_450,job_379,applied,2025-03-05 23:56:22
user_306,job_236,saved,2025-04-21 02:15:55
user_189,job_363,saved,2025-03-04 09:45:31
user_341,job_523,applied,2025-02-25 12:24:29
user_388,job_699,applied,2024-11-01 14:45:35
user_2,job_894,applied,2024-07-05 21:51:36
user_195,job_650,applied,2024-04-26 02:03:19
user_138,job_882,applied,2024-12-24 10:03:50
user_122,job_764,saved,2024-09-29 03:58:44
user_468,job_45,applied,2024-05-14 00:25:58
user_373,job_905,applied,2024-09-02 00:08:15
user_206,job_875,applied,2025-02-19 08:41:51
user_186,job_188,applied,2025-01-18 10:14:18
user_101,job_821,applied,2025-02-22 10:35:15
user_324,job_216,saved,2024-06-24 02:19:02
user_41,job_978,applied,2024-07-30 22:00:22
user_423,job_775,applied,2024-07-05 07:34:19
user_473,job_733,saved,2024-10-30 05:29:33
user_248,job_788,saved,2024-10-05 08:54:56
user_19,job_804,saved,2025-03-14 16:41:05
user_248,job_814,applied,2025-03-24 00:18:53
user_50,job_603,saved,2025-03-06 03:45:43
user_308,job_913,saved,2025-01-04 17:10:28
user_72,job_340,saved,2024-05-28 12:03:24
user_147,job_453,applied,2024-09-21 14:51:28
user_336,job_353,applied,2025-02-09 14:20:19
user_285,job_654,saved,2024-09-03 15:00:48
user_468,job_862,saved,2024-09-04 16:37:31
user_46,job_186,saved,2025-01-09 14:05:17
user_497,job_385,saved,2025-03-02 05:05:10
user_10,job_507,applied,2025-04-18 18:30:48
user_346,job_952,saved,2024-05-18 22:25:40
user_99,job_690,saved,2025-04-10 03:42:37
user_226,job_10,saved,2024-05-29 18:12:02
user_433,job_920,applied,2025-03-16 12:37:28
user_86,job_590,applied,2024-08-24 22:25:12
user_317,job_766,applied,2024-09-27 08:58:24
user_114,job_317,applied,2024-11-11 10:56:17
user_330,job_817,saved,2024-09-06 19:25:44
user_184,job_467,saved,2024-06-17 13:33:44
user_11,job_932,applied,2024-11-13 07:24:04
user_62,job_184,applied,2024-09-06 00:19:47
user_11,job_370,saved,2025-01-13 19:26:39
user_76,job_741,saved,2025-04-22 09:08:53
user_325,job_884,applied,2025-01-18 19:43:28
user_74,job_247,saved,2025-03-26 14:44:38
user_202,job_247,applied,2024-08-24 01:48:59
user_465,job_233,applied,2025-04-12 19:24:20
user_313,job_861,saved,2024-12-21 22:43:52
user_426,job_59,saved,2025-01-24 01:34:27
user_494,job_249,applied,2025-02-23 15:24:14
user_223,job_6,applied,2024-06-29 04:19:57
user_125,job_920,applied,2024-06-02 07:58:10
user_362,job_123,saved,2024-08-05 03:37:19
user_98,job_539,saved,2024-05-21 01:14:45
user_315,job_999,saved,2025-02-27 15:40:53
user_493,job_450,applied,2024-08-25 15:07:59
user_140,job_91,saved,2024-11-11 00:29:11
user_182,job_793,applied,2025-01-03 18:02:52
user_452,job_586,saved,2024-12-26 22:41:35
user_325,job_919,applied,2024-10-31 12:43:53
user_22,job_58,applied,2024-12-15 22:03:55
user_451,job_810,applied,2024-05-13 10:33:43
user_97,job_596,applied,2024-10-17 09:52:24
user_421,job_670,applied,2024-10-20 01:52:09
user_38,job_164,saved,2024-10-01 22:30:23
user_357,job_235,applied,2024-07-13 04:36:52
user_494,job_913,applied,2025-01-06 16:12:56
user_235,job_64,saved,2025-01-05 09:40:40
user_451,job_152,saved,2024-08-19 13:39:03
user_8,job_648,applied,2024-10-13 14:00:48
user_199,job_562,saved,2024-11-08 03:43:32
user_339,job_56,applied,2024-09-07 05:13:22
user_482,job_976,applied,2024-05-13 09:59:42
user_2,job_74,applied,2024-09-21 18:52:21
user_27,job_203,applied,2024-11-01 00:14:14
user_62,job_209,saved,2024-08-20 09:02:31
user_381,job_324,applied,2024-10-19 17:31:07
user_314,job_737,saved,2024-05-17 06:45:01
user_68,job_393,saved,2024-10-17 07:04:02
user_323,job_761,applied,2025-02-16 19:37:16
user_446,job_458,applied,2024-07-03 00:40:16
user_500,job_483,applied,2025-01-18 22:52:56
user_78,job_5,saved,2025-01-10 20:14:40
user_322,job_329,applied,2024-12-18 22:18:09
user_186,job_810,saved,2024-07-25 09:42:43
user_77,job_285,applied,2024-06-01 01:56:50
user_45,job_819,saved,2024-11-28 09:32:15
user_6,job_488,saved,2024-06-27 06:44:02
user_345,job_717,saved,2024-06-13 17:53:28
user_346,job_878,saved,2024-07-19 20:16:29
user_486,job_475,applied,2024-07-09 00:47:28
user_400,job_487,saved,2025-02-19 07:39:30
user_348,job_582,applied,2024-05-12 19:43:43
user_9,job_940,applied,2024-10-11 08:56:56
user_361,job_570,saved,2024-06-17 06:32:02
user_446,job_29,applied,2024-09-10 21:05:36
user_287,job_488,applied,2024-06-26 22:03:58
user_33,job_571,applied,2024-11-05 14:24:25
user_278,job_440,applied,2024-11-11 10:45:44
user_103,job_917,applied,2024-09-14 18:40:41
user_206,job_760,applied,2024-08-29 08:26:51
user_40,job_639,saved,2024-06-27 18:58:57
user_466,job_221,saved,2024-11-05 17:43:20
user_300,job_198,applied,2024-11-26 19:53:44
user_466,job_473,applied,2025-02-12 11:13:29
user_318,job_255,saved,2024-05-21 06:25:11
user_400,job_271,applied,2024-09-16 07:35:07
user_101,job_331,saved,2025-03-17 08:52:58
user_391,job_989,saved,2024-07-19 23:16:04
user_407,job_357,applied,2025-03-31 08:29:47
user_191,job_848,applied,2024-09-25 23:05:25
user_245,job_998,saved,2024-08-04 22:09:01
user_45,job_284,applied,2024-07-29 21:34:10
user_375,job_446,applied,2025-01-27 17:56:51
user_174,job_412,applied,2024-10-21 12:17:03
user_140,job_172,saved,2024-05-17 02:13:26
user_197,job_719,saved,2024-08-23 02:56:01
user_254,job_923,applied,2024-05-13 16:22:49
user_221,job_776,applied,2024-12-17 11:14:00
user_491,job_96,saved,2024-10-05 02:41:47
user_193,job_551,applied,2025-04-06 17:40:59
user_327,job_472,saved,2024-10-05 01:39:41
user_98,job_460,applied,2025-03-07 06:02:22
user_22,job_496,saved,2024-10-26 22:03:47
user_300,job_261,saved,2024-08-07 06:56:02
user_11,job_373,applied,2024-07-18 20:15:15
user_179,job_808,applied,2024-11-14 22:19:35
user_415,job_825,applied,2024-05-07 06:40:15
user_412,job_536,applied,2025-01-22 07:11:56
user_144,job_929,applied,2024-05-20 04:21:22
user_328,job_107,saved,2024-11-06 18:12:22
user_227,job_420,applied,2024-08-05 18:33:11
user_176,job_87,saved,2024-12-14 12:50:50
user_30,job_64,saved,2024-05-24 09:24:46
user_171,job_463,saved,2024-10-19 03:25:07
user_389,job_863,applied,2025-04-14 06:51:00
user_182,job_280,saved,2024-11-09 11:41:12
user_10,job_562,applied,2024-04-26 03:10:47
user_146,job_873,applied,2025-01-03 02:18:12
user_268,job_263,applied,2025-03-12 11:28:11
user_362,job_524,applied,2025-01-15 00:41:45
user_493,job_57,saved,2025-04-08 12:06:52
user_141,job_322,saved,2024-11-01 15:27:56
user_442,job_261,saved,2024-11-03 08:03:10
user_125,job_47,applied,2025-01-13 06:06:24
user_90,job_808,applied,2024-05-07 13:12:15
user_95,job_331,saved,2025-04-22 14:25:10
user_278,job_455,applied,2024-07-25 11:26:49
user_143,job_538,saved,2025-04-04 19:37:20
user_273,job_48,saved,2024-09-04 06:04:55
user_122,job_998,applied,2024-12-17 12:08:14
user_378,job_956,saved,2024-12-29 04:57:21
user_35,job_516,applied,2024-05-21 00:51:14
user_368,job_634,saved,2025-04-09 00:41:45
user_147,job_77,saved,2024-10-19 01:22:28
user_97,job_1000,applied,2024-06-12 05:46:16
user_88,job_446,saved,2024-08-30 03:54:55
user_77,job_602,saved,2025-04-15 16:36:09
user_233,job_456,applied,2025-01-13 01:28:53
user_499,job_110,applied,2024-12-17 23:39:45
user_322,job_806,applied,2024-09-20 05:04:34
user_254,job_998,applied,2024-08-15 07:11:00
user_105,job_662,applied,2025-01-03 06:06:22
user_73,job_576,saved,2024-11-15 08:29:43
user_192,job_593,applied,2024-06-05 12:12:20
user_40,job_41,applied,2024-08-03 14:45:50
user_61,job_56,saved,2024-09-26 09:01:52
user_330,job_411,saved,2024-10-28 14:15:09
user_178,job_470,applied,2024-10-26 13:33:13
user_147,job_372,applied,2025-03-02 05:04:33
user_270,job_538,applied,2025-04-06 05:30:03
user_273,job_696,saved,2024-08-09 05:47:16
user_88,job_708,applied,2024-05-30 20:59:23
user_279,job_379,applied,2025-04-08 18:21:31
user_162,job_331,applied,2025-03-30 15:03:17
user_391,job_781,saved,2024-07-09 01:09:08
user_456,job_772,saved,2025-04-21 16:03:50
user_201,job_617,saved,2025-02-07 00:55:57
user_373,job_678,applied,2024-08-23 00:31:22
user_280,job_788,saved,2024-12-04 09:21:32
user_437,job_930,applied,2024-06-19 05:24:32
user_246,job_358,applied,2024-12-10 23:11:54
user_85,job_274,saved,2024-04-25 05:15:52
user_148,job_116,saved,2024-08-07 04:54:05
user_204,job_71,saved,2024-06-24 13:13:37
user_222,job_931,saved,2024-12-21 10:39:18
user_202,job_582,applied,2024-06-06 05:11:12
user_50,job_36,applied,2024-07-06 17:59:18
user_322,job_543,saved,2025-03-24 15:59:12
user_200,job_979,saved,2024-04-28 09:54:06
user_364,job_842,applied,2025-04-23 22:18:43
user_384,job_457,saved,2024-08-04 02:19:42
user_92,job_407,applied,2024-04-29 07:21:50
user_475,job_602,saved,2024-05-06 04:13:30
user_214,job_411,applied,2025-02-08 08:25:45
user_221,job_699,saved,2024-09-07 04:53:22
user_308,job_40,applied,2025-04-04 01:51:48
user_327,job_599,saved,2024-10-13 23:45:50
user_38,job_246,saved,2024-06-09 04:00:12
user_413,job_231,applied,2024-09-30 15:12:37
user_235,job_27,applied,2024-06-29 11:53:43
user_441,job_396,saved,2025-01-27 12:58:58
user_339,job_475,applied,2024-12-17 16:34:36
user_482,job_77,applied,2024-10-23 17:35:04
user_39,job_416,applied,2024-11-05 14:29:02
user_333,job_245,saved,2024-06-01 11:42:38
user_448,job_928,saved,2025-03-06 20:43:21
user_186,job_798,saved,2024-09-19 22:27:13
user_274,job_83,saved,2025-04-05 18:12:58
user_339,job_962,saved,2024-12-03 12:57:25
user_318,job_389,saved,2025-03-19 04:59:53
user_394,job_103,saved,2024-05-21 05:01:48
user_456,job_412,saved,2025-03-30 00:56:54
user_201,job_255,saved,2025-01-10 19:06:00
user_227,job_748,applied,2024-08-29 03:36:38
user_31,job_556,saved,2024-12-02 23:26:53
user_183,job_132,saved,2024-10-28 16:10:20
user_316,job_402,saved,2025-01-17 16:30:12
user_220,job_814,saved,2024-10-28 14:07:09
user_360,job_318,saved,2024-07-23 16:41:56
user_116,job_204,applied,2025-03-25 06:29:34
user_250,job_2,applied,2025-02-15 01:16:33
user_299,job_167,applied,2024-10-25 00:20:00
user_51,job_913,saved,2024-07-28 03:17:47
user_40,job_832,saved,2024-07-09 01:13:09
user_191,job_224,saved,2024-08-07 19:44:39
user_243,job_887,saved,2025-02-09 15:05:38
user_434,job_234,saved,2024-07-30 23:43:05
user_103,job_201,applied,2024-11-09 08:19:08
user_500,job_994,applied,2024-06-02 14:16:27
user_97,job_698,applied,2024-12-28 03:58:01
user_392,job_975,saved,2025-02-27 14:07:42
user_208,job_768,applied,2024-05-05 01:34:19
user_234,job_404,saved,2024-09-16 12:45:24
user_457,job_294,applied,2024-08-04 18:12:13
user_318,job_450,saved,2024-10-27 13:52:02
user_312,job_766,applied,2025-02-11 09:47:47
user_394,job_318,saved,2024-10-08 11:45:17
user_52,job_928,applied,2024-08-14 11:33:11
user_185,job_710,saved,2024-09-22 09:49:13
user_147,job_487,applied,2024-05-08 21:16:53
user_131,job_363,applied,2025-02-09 14:43:20
user_276,job_151,saved,2025-02-28 07:10:16
user_195,job_407,saved,2024-06-29 08:02:33
user_152,job_214,applied,2024-10-22 04:39:22
user_174,job_544,applied,2025-01-21 21:55:09
user_39,job_645,saved,2024-12-12 06:42:04
user_178,job_748,applied,2025-01-25 12:25:47
user_314,job_95,applied,2024-10-03 04:06:52
user_144,job_331,saved,2025-04-11 04:30:33
user_383,job_162,applied,2025-04-10 23:49:26
user_103,job_977,saved,2025-01-24 18:37:35
user_78,job_191,saved,2024-08-08 19:21:15
user_208,job_429,applied,2024-08-15 16:39:02
user_340,job_404,saved,2025-03-16 05:10:15
user_278,job_367,saved,2024-11-02 01:20:29
user_162,job_805,saved,2025-04-04 10:57:40
user_270,job_285,saved,2024-09-08 19:12:29
user_151,job_940,saved,2024-06-12 16:14:03
user_125,job_417,saved,2024-07-27 20:33:47
user_73,job_325,applied,2024-08-03 22:44:17
user_375,job_212,saved,2024-12-24 17:25:50
user_468,job_583,applied,2024-06-17 23:44:58
user_186,job_136,applied,2025-02-14 09:18:37
user_467,job_428,saved,2024-06-13 08:19:57
user_452,job_15,applied,2024-11-20 23:53:11
user_375,job_260,applied,2025-04-24 10:37:06
user_405,job_37,saved,2024-11-10 20:57:42
user_105,job_556,saved,2024-11-03 17:21:30
user_155,job_988,applied,2024-09-06 11:40:39
user_298,job_698,saved,2024-05-17 09:24:26
user_287,job_880,saved,2024-12-06 15:03:28
user_263,job_410,saved,2024-08-21 10:36:32
user_74,job_511,saved,2024-08-26 20:34:31
user_460,job_313,saved,2025-02-17 02:27:43
user_423,job_141,saved,2025-01-11 02:31:23
user_351,job_311,applied,2024-05-04 22:44:27
user_430,job_462,saved,2024-10-24 07:09:28
user_109,job_804,applied,2024-06-19 15:11:14
user_441,job_588,applied,2024-07-24 19:44:46
user_391,job_35,saved,2024-07-04 08:33:21
user_131,job_726,applied,2025-02-11 08:08:58
user_85,job_173,saved,2025-03-17 03:06:14
user_38,job_568,applied,2025-04-06 16:41:26
user_347,job_415,saved,2024-08-14 07:29:24
user_323,job_174,applied,2024-07-04 06:09:45
user_98,job_300,saved,2025-02-13 01:36:12
user_381,job_111,saved,2025-02-02 22:42:35
user_136,job_147,applied,2025-01-07 23:19:05
user_131,job_321,applied,2024-06-25 22:23:04
user_336,job_154,saved,2024-12-06 03:52:55
user_201,job_151,applied,2024-10-14 00:48:32
user_405,job_56,saved,2024-05-23 06:09:48
user_230,job_707,saved,2024-10-07 20:47:04
user_185,job_952,saved,2024-12-08 08:12:49
user_317,job_129,saved,2024-10-06 03:11:19
user_402,job_601,saved,2025-03-19 17:17:12
user_2,job_529,saved,2024-07-13 06:40:21
user_272,job_321,saved,2025-04-16 12:52:18
user_116,job_294,applied,2024-09-19 22:22:50
user_426,job_571,applied,2024-05-27 00:10:13
user_136,job_813,saved,2024-09-04 15:01:10
user_92,job_964,saved,2024-06-28 03:17:24
user_441,job_862,saved,2024-09-23 10:12:54
user_183,job_256,saved,2024-10-20 07:32:07
user_115,job_861,applied,2025-04-06 15:37:17
user_240,job_102,saved,2024-07-09 17:58:37
user_179,job_661,saved,2024-11-16 18:27:08
user_475,job_695,applied,2024-09-23 06:50:00
user_7,job_154,saved,2025-04-09 05:36:37
user_154,job_147,applied,2024-09-28 08:13:50
user_426,job_601,saved,2025-04-07 10:12:42
user_440,job_8,applied,2025-01-14 02:19:25
user_63,job_769,applied,2024-12-04 07:53:40
user_436,job_11,saved,2024-07-24 12:24:39
user_4,job_922,saved,2025-02-22 01:41:58
user_274,job_635,applied,2025-03-27 06:39:12
user_299,job_697,applied,2024-05-06 18:38:45
user_186,job_331,saved,2024-12-27 04:50:01
user_142,job_887,saved,2024-05-16 19:44:32
user_208,job_222,applied,2025-02-07 03:31:29
user_294,job_366,applied,2024-06-08 10:24:26
user_473,job_48,applied,2025-01-11 00:58:27
user_384,job_156,applied,2025-01-14 07:27:57
user_456,job_437,saved,2024-11-26 04:17:18
user_405,job_577,applied,2024-12-17 01:59:47
user_176,job_731,saved,2024-08-02 17:51:37
user_373,job_324,applied,2025-03-05 02:44:26
user_277,job_827,saved,2025-03-14 09:20:33
user_274,job_642,saved,2024-08-28 02:52:30
user_404,job_253,applied,2024-07-13 10:29:43
user_214,job_255,applied,2024-09-29 02:58:26
user_318,job_940,applied,2025-04-06 10:47:06
user_494,job_426,saved,2024-05-13 05:38:11
user_75,job_729,applied,2025-02-05 20:47:33
user_310,job_398,applied,2025-01-08 08:04:45
user_201,job_571,saved,2024-10-27 08:20:14
user_277,job_116,applied,2024-09-08 00:20:51
user_125,job_618,applied,2025-03-29 12:40:10
user_289,job_773,saved,2024-11-14 08:18:05
user_142,job_706,saved,2024-11-08 08:57:19
user_327,job_979,applied,2025-03-03 03:03:50
user_340,job_610,applied,2025-04-07 08:52:48
user_232,job_417,saved,2024-09-14 20:23:09
user_190,job_652,saved,2024-08-07 22:05:31
user_468,job_179,saved,2024-07-19 18:14:18
user_152,job_676,applied,2025-04-10 12:50:48
user_200,job_901,applied,2024-06-12 09:50:44
user_420,job_861,saved,2024-05-14 09:27:06
user_467,job_269,saved,2025-03-26 12:04:06
user_460,job_163,applied,2025-01-04 22:45:30
user_88,job_444,saved,2024-12-28 15:19:41
user_45,job_413,applied,2024-09-14 09:29:04
user_232,job_788,saved,2025-02-13 08:23:33
user_57,job_344,saved,2024-07-20 04:36:29
user_120,job_402,applied,2025-02-05 19:18:23
user_357,job_458,applied,2024-12-08 03:12:58
user_56,job_203,saved,2024-10-16 05:37:40
user_118,job_459,saved,2025-03-14 09:21:28
user_231,job_267,saved,2024-10-17 12:15:25
user_115,job_408,saved,2024-07-17 14:48:00
user_57,job_993,applied,2024-07-09 19:44:34
user_86,job_291,saved,2024-06-13 16:50:46
user_174,job_988,saved,2025-03-18 09:15:22
user_139,job_48,applied,2024-09-12 16:20:32
user_254,job_282,saved,2024-06-09 06:54:48
user_74,job_154,applied,2024-08-31 03:54:59
user_250,job_869,saved,2024-10-06 09:54:34
user_77,job_87,applied,2024-10-22 00:12:14
user_447,job_185,saved,2024-08-12 14:06:08
user_132,job_254,applied,2025-01-05 14:34:54
user_173,job_222,applied,2024-09-18 04:05:44
user_315,job_208,saved,2024-09-03 09:03:04
user_328,job_336,saved,2025-03-08 07:47:14
user_313,job_978,saved,2024-12-13 17:14:30
user_305,job_357,saved,2024-10-23 22:16:44
user_58,job_548,saved,2024-08-17 15:22:53
user_376,job_161,saved,2024-05-31 06:47:55
user_277,job_424,applied,2024-08-21 17:56:18
user_140,job_457,applied,2024-05-29 00:11:56
user_120,job_338,saved,2025-04-23 14:42:23
user_188,job_478,applied,2024-06-11 12:25:34
user_197,job_221,applied,2024-10-30 07:46:04
user_437,job_366,saved,2024-07-04 00:12:36
user_29,job_529,applied,2024-08-05 05:37:28
user_290,job_848,saved,2024-08-22 18:29:48
user_191,job_712,saved,2024-12-30 21:36:13
user_78,job_103,saved,2024-04-28 10:32:41
user_495,job_331,saved,2025-02-12 16:46:49
user_448,job_592,applied,2024-05-20 02:14:42
user_10,job_550,applied,2024-12-17 06:50:01
user_42,job_220,saved,2024-07-08 22:59:57
user_284,job_996,applied,2024-08-29 10:51:06
user_313,job_412,applied,2024-09-12 19:28:47
user_66,job_313,applied,2024-09-25 09:18:52
user_279,job_632,saved,2024-07-12 20:50:04
user_241,job_339,applied,2024-05-10 17:39:39
user_222,job_863,applied,2025-04-22 09:37:45
user_315,job_506,applied,2025-04-22 21:15:40
user_19,job_749,saved,2025-01-14 09:31:00
user_143,job_570,applied,2025-02-10 05:27:21
user_278,job_677,applied,2025-02-19 22:21:37
user_257,job_605,saved,2024-07-28 18:47:01
user_172,job_637,saved,2024-04-30 01:37:59
user_213,job_118,saved,2024-09-27 18:10:03
user_152,job_440,applied,2025-04-17 11:17:36
user_31,job_163,applied,2024-06-20 01:27:00
user_83,job_861,saved,2024-06-03 05:34:19
user_184,job_476,saved,2024-11-20 14:04:34
user_344,job_591,applied,2024-06-23 20:38:46
user_235,job_19,saved,2025-04-02 10:57:21
user_95,job_286,applied,2024-09-16 03:43:16
user_188,job_641,saved,2025-03-19 06:51:48
user_175,job_931,saved,2024-04-28 01:46:45
user_333,job_398,applied,2024-12-31 06:56:08
user_482,job_122,saved,2025-02-27 09:24:34
user_441,job_328,applied,2024-10-15 23:01:20
user_146,job_368,saved,2025-04-07 09:20:53
user_6,job_289,saved,2025-03-12 10:31:46
user_472,job_476,saved,2025-01-25 10:16:15
user_480,job_930,applied,2025-03-18 16:35:45
user_291,job_407,applied,2024-08-19 23:18:57
user_356,job_238,saved,2025-03-08 11:11:00
user_287,job_880,saved,2025-01-09 20:43:41
user_426,job_672,applied,2025-01-05 05:31:39
user_116,job_476,saved,2024-05-01 01:13:21
user_464,job_492,saved,2024-04-30 01:19:14
user_135,job_263,applied,2024-06-24 19:15:50
user_431,job_470,applied,2024-11-20 21:35:47
user_183,job_158,saved,2024-07-24 01:07:56
user_188,job_52,saved,2024-10-22 21:58:31
user_50,job_101,applied,2025-01-24 06:06:22
user_35,job_974,applied,2024-11-23 04:27:17
user_106,job_272,saved,2024-05-30 21:07:02
user_26,job_113,saved,2024-04-26 01:51:03
user_72,job_575,saved,2024-07-07 05:57:41
user_494,job_95,applied,2024-12-30 23:51:32
user_121,job_246,applied,2024-10-03 16:49:28
user_122,job_687,applied,2024-10-09 05:17:41
user_72,job_925,applied,2024-09-08 16:39:08
user_85,job_10,applied,2024-07-26 23:35:28
user_478,job_890,applied,2024-11-02 22:43:33
user_186,job_371,applied,2024-08-09 23:38:24
user_50,job_618,saved,2025-04-13 18:14:34
user_274,job_811,applied,2024-05-18 21:12:03
user_387,job_583,applied,2024-05-25 13:57:03
user_458,job_438,saved,2024-09-04 05:37:01
user_200,job_933,applied,2024-08-15 03:08:03
user_256,job_525,applied,2025-03-20 15:08:10
user_69,job_865,applied,2024-09-08 16:34:52
user_404,job_444,saved,2024-05-01 13:49:31
user_434,job_761,saved,2024-12-24 03:06:26
user_44,job_223,saved,2025-01-28 17:21:28
user_101,job_167,applied,2024-12-20 12:06:55
user_245,job_100,applied,2024-12-07 02:45:04
user_38,job_773,applied,2025-02-26 14:23:04
user_407,job_252,saved,2024-12-11 16:27:28
user_104,job_864,applied,2024-06-30 23:43:00
user_29,job_385,saved,2024-11-01 19:02:28
user_192,job_358,applied,2025-03-25 19:14:44
user_451,job_732,saved,2025-04-13 15:42:56
user_299,job_584,applied,2024-09-22 01:22:27
user_386,job_88,applied,2024-05-04 05:18:02
user_369,job_106,applied,2025-02-13 00:36:34
user_280,job_211,saved,2024-11-06 12:31:52
user_325,job_36,applied,2024-08-16 09:23:44
user_183,job_948,saved,2024-06-03 16:50:30
user_494,job_500,applied,2025-03-24 01:41:38
user_119,job_924,saved,2025-03-26 23:54:07
user_405,job_291,saved,2024-10-24 10:57:30
user_194,job_737,applied,2024-12-25 18:12:27
user_191,job_922,saved,2024-11-13 14:50:15
user_186,job_128,saved,2024-09-16 18:17:28
user_57,job_133,saved,2025-02-19 21:24:49
user_329,job_855,applied,2025-03-04 04:18:36
user_389,job_325,applied,2025-01-08 07:51:26
user_326,job_617,saved,2024-10-01 10:42:14
user_135,job_284,saved,2024-11-24 17:52:30
user_460,job_255,applied,2025-04-06 21:17:58
user_111,job_542,saved,2024-06-20 13:21:08
user_422,job_789,saved,2024-07-02 14:35:28
user_100,job_827,applied,2025-04-19 06:11:31
user_278,job_278,saved,2024-10-17 11:02:09
user_469,job_361,saved,2024-06-05 00:22:50
user_421,job_453,saved,2025-04-08 04:36:45
user_85,job_382,saved,2024-09-22 17:39:02
user_61,job_769,saved,2024-05-16 14:41:24
user_116,job_137,saved,2024-11-01 19:11:28
user_2,job_414,saved,2024-04-28 00:10:13
user_183,job_952,saved,2025-02-26 11:48:04
user_8,job_570,saved,2024-11-29 18:08:16
user_263,job_29,applied,2024-12-06 23:40:55
user_363,job_961,applied,2025-02-27 01:13:33
user_144,job_501,applied,2025-03-03 11:48:31
user_495,job_875,applied,2025-03-16 18:47:19
user_497,job_291,applied,2024-09-20 09:12:20
user_472,job_10,saved,2024-04-25 04:00:28
user_256,job_839,saved,2024-12-22 09:57:58
user_153,job_576,applied,2025-01-16 15:45:41
user_134,job_893,saved,2025-03-09 11:01:42
user_451,job_520,saved,2024-09-01 23:15:19
user_229,job_583,saved,2024-12-06 18:33:49
user_100,job_41,applied,2024-05-13 09:05:12
user_384,job_716,applied,2024-11-18 13:05:05
user_215,job_988,applied,2024-12-21 16:46:25
user_333,job_213,applied,2024-05-08 22:26:03
user_235,job_289,applied,2025-02-18 05:22:18
user_440,job_101,applied,2024-06-01 10:59:14
user_19,job_97,applied,2024-06-09 00:43:50
user_286,job_91,saved,2024-12-18 09:31:51
user_442,job_857,applied,2024-08-01 18:20:07
user_299,job_318,applied,2024-06-11 23:08:41
user_419,job_862,saved,2025-01-25 15:21:34
user_379,job_46,applied,2024-10-29 14:54:13
user_155,job_989,applied,2024-10-24 21:11:11
user_464,job_608,saved,2024-12-21 08:11:53
user_251,job_486,applied,2025-03-30 21:51:21
user_176,job_814,saved,2025-03-13 13:28:24
user_433,job_409,applied,2024-07-25 21:18:21
user_389,job_659,applied,2025-04-20 21:13:36
user_348,job_949,applied,2025-03-15 04:30:45
user_174,job_218,saved,2024-06-16 14:34:36
user_151,job_341,applied,2024-11-10 08:33:40
user_464,job_718,saved,2025-01-09 23:18:19
user_77,job_365,saved,2024-09-26 11:58:36
user_144,job_65,applied,2024-07-31 11:41:29
user_104,job_653,applied,2024-12-21 00:37:19
user_62,job_675,saved,2025-01-27 18:08:09
user_342,job_690,saved,2025-03-08 22:35:25
user_442,job_98,saved,2025-04-06 06:28:32
user_40,job_945,saved,2024-08-31 02:36:22
user_149,job_108,applied,2024-10-26 19:57:14
user_18,job_659,saved,2025-02-03 05:09:46
user_387,job_466,applied,2024-08-09 07:57:17
user_86,job_175,saved,2024-10-08 02:43:57
user_245,job_919,saved,2024-07-20 18:48:49
user_250,job_129,applied,2024-10-07 07:48:08
user_36,job_311,saved,2025-03-26 21:47:58
user_251,job_53,applied,2024-08-21 19:28:51
user_350,job_900,saved,2024-08-10 19:41:05
user_371,job_521,applied,2024-10-09 16:02:41
user_132,job_361,saved,2025-02-09 14:00:35
user_179,job_432,applied,2025-04-08 15:39:42
user_453,job_126,applied,2024-05-17 00:16:08
user_450,job_161,saved,2025-01-23 16:52:35
user_208,job_653,applied,2025-02-04 16:19:33
user_77,job_93,applied,2024-05-25 20:29:01
user_336,job_932,applied,2024-10-17 09:00:41
user_31,job_734,applied,2025-03-09 20:51:14
user_121,job_150,applied,2024-12-23 00:38:17
user_1,job_150,applied,2024-07-02 00:10:03
user_229,job_731,applied,2024-09-27 04:04:39
user_227,job_104,saved,2024-06-02 08:52:08
user_452,job_743,applied,2025-03-22 18:04:15
user_441,job_546,saved,2024-09-22 02:26:28
user_51,job_306,applied,2024-10-18 22:58:32
user_392,job_404,saved,2024-08-21 23:42:56
user_252,job_71,saved,2024-12-28 12:04:12
user_35,job_847,saved,2024-11-11 04:24:54
user_216,job_551,saved,2025-02-17 14:58:36
user_51,job_896,saved,2024-08-08 09:26:09
user_240,job_203,saved,2025-02-23 18:12:36
user_130,job_602,applied,2024-10-03 11:13:40
user_276,job_130,applied,2024-10-07 19:34:08
user_345,job_460,saved,2024-10-11 06:58:44
user_93,job_468,applied,2024-12-01 09:08:26
user_173,job_403,applied,2024-09-07 10:26:23
user_233,job_912,saved,2025-03-14 02:40:36
user_247,job_807,saved,2024-07-11 21:33:40
user_345,job_638,applied,2025-03-19 07:40:53
user_8,job_676,saved,2025-03-30 08:03:21
user_105,job_459,saved,2024-10-18 08:23:12
user_432,job_718,applied,2024-07-12 08:34:38
user_172,job_917,applied,2025-03-19 20:21:55
user_421,job_460,saved,2025-03-06 12:29:11
user_118,job_55,applied,2025-04-11 04:26:12
user_103,job_16,applied,2024-09-27 23:08:28
user_106,job_460,applied,2025-02-28 08:35:45
user_199,job_932,applied,2024-11-22 18:07:44
user_288,job_798,saved,2025-02-14 00:27:51
user_290,job_443,saved,2024-11-22 10:00:45
user_138,job_85,saved,2024-09-29 11:31:11
user_88,job_445,saved,2024-12-26 07:42:49
user_93,job_920,applied,2024-11-30 21:38:03
user_223,job_794,saved,2024-07-16 23:09:19
user_158,job_875,saved,2024-08-13 08:32:28
user_246,job_702,applied,2024-11-19 14:02:39
user_328,job_962,saved,2024-11-21 16:17:20
user_284,job_987,applied,2025-01-10 01:36:50
user_356,job_215,saved,2024-05-20 12:08:05
user_205,job_115,applied,2024-11-26 13:07:47
user_266,job_246,saved,2024-04-27 23:28:41
user_364,job_638,saved,2025-04-21 00:17:03
user_412,job_836,saved,2024-07-31 16:34:23
user_374,job_330,applied,2024-09-07 10:15:51
user_230,job_591,applied,2024-11-16 18:53:32
user_63,job_817,applied,2024-11-23 01:29:05
user_343,job_924,applied,2024-04-29 16:38:34
user_346,job_411,applied,2024-05-10 16:49:06
user_22,job_868,applied,2024-07-30 09:11:08
user_46,job_914,applied,2025-01-26 04:18:23
user_389,job_97,saved,2024-07-30 09:55:12
user_193,job_177,saved,2025-02-11 08:33:02
user_213,job_391,saved,2024-12-25 14:18:57
user_84,job_50,applied,2024-09-26 11:52:33
user_69,job_234,applied,2024-06-10 07:29:48
user_74,job_774,applied,2025-04-09 16:45:50
user_371,job_722,saved,2025-02-18 06:24:48
user_288,job_424,saved,2025-03-23 23:32:01
user_130,job_458,saved,2024-07-08 06:48:05
user_58,job_224,saved,2025-04-10 03:15:58
user_179,job_415,applied,2024-11-07 06:55:52
user_188,job_634,saved,2025-02-14 15:22:17
user_70,job_145,saved,2025-01-20 13:03:08
user_236,job_116,applied,2024-08-05 15:49:10
user_224,job_503,applied,2024-12-20 20:04:58
user_264,job_606,saved,2024-07-20 14:49:13
user_131,job_594,applied,2024-11-02 00:52:46
user_400,job_385,saved,2025-03-13 19:19:44
user_26,job_359,saved,2024-12-03 19:57:58
user_241,job_634,applied,2024-07-28 21:04:42
user_19,job_461,applied,2025-02-19 05:26:52
user_235,job_112,applied,2025-01-24 09:23:39
user_357,job_838,applied,2025-01-28 04:10:17
user_356,job_429,applied,2024-05-01 03:40:25
user_232,job_531,applied,2024-11-11 10:20:52
user_457,job_483,saved,2024-09-20 05:01:42
user_50,job_684,saved,2024-09-08 01:54:15
user_208,job_787,saved,2024-11-20 23:23:30
user_30,job_307,applied,2025-02-25 08:36:40
user_324,job_888,applied,2024-09-19 08:55:18
user_215,job_352,applied,2024-10-07 07:33:46
user_45,job_429,applied,2024-05-29 07:12:37
user_254,job_194,applied,2024-06-26 19:58:48
user_439,job_434,applied,2025-02-16 01:19:18
user_83,job_30,saved,2025-03-20 17:17:04
user_175,job_577,saved,2024-12-28 00:07:57
user_83,job_978,applied,2024-12-18 16:50:18
user_224,job_252,saved,2025-03-25 17:27:39
user_394,job_779,saved,2024-09-15 22:56:40
user_402,job_314,applied,2024-09-13 08:55:13
user_195,job_80,applied,2025-02-04 00:59:39
user_317,job_620,applied,2025-01-04 20:00:44
user_413,job_503,saved,2024-10-20 01:36:53
user_123,job_47,applied,2025-03-19 19:11:48
user_287,job_994,saved,2025-02-18 11:45:53
user_141,job_72,applied,2024-10-24 11:07:30
user_278,job_112,applied,2024-11-23 01:06:33
user_304,job_21,saved,2024-08-15 10:29:29
user_466,job_779,saved,2024-08-12 07:06:41
user_152,job_67,applied,2024-12-06 07:43:33
user_43,job_181,saved,2025-02-15 14:53:05
user_442,job_263,saved,2024-11-10 20:17:34
user_234,job_748,applied,2024-10-03 19:49:06
user_38,job_118,saved,2025-03-22 07:08:21
user_224,job_452,applied,2025-03-21 18:39:37
user_19,job_72,saved,2025-04-03 01:55:48
user_443,job_199,saved,2024-07-18 02:27:29
user_49,job_48,saved,2024-05-11 16:05:59
user_254,job_751,applied,2025-03-14 01:46:53
user_142,job_237,saved,2025-04-06 21:58:58
user_130,job_137,saved,2024-11-06 04:01:04
user_468,job_133,applied,2024-11-16 15:41:42
user_440,job_105,applied,2024-07-18 11:28:12
user_451,job_220,applied,2024-09-17 07:22:50
user_121,job_956,saved,2025-02-23 10:21:11
user_340,job_924,applied,2024-11-25 05:03:48
user_286,job_146,saved,2024-05-30 06:16:37
user_224,job_793,applied,2024-07-22 09:10:28
user_62,job_743,saved,2024-10-02 17:52:16
user_334,job_567,applied,2024-10-25 23:54:09
user_18,job_242,applied,2025-04-16 06:39:54
user_207,job_437,saved,2024-06-07 23:43:24
user_100,job_230,saved,2025-03-31 09:49:19
user_324,job_14,applied,2024-07-14 13:10:36
user_227,job_839,saved,2024-07-09 00:41:17
user_131,job_93,applied,2024-12-02 04:29:46
user_247,job_480,applied,2024-07-21 01:45:49
user_421,job_360,saved,2024-12-06 06:24:28
user_17,job_569,applied,2025-03-24 00:17:57
user_453,job_739,applied,2024-10-20 05:48:02
user_422,job_920,applied,2024-08-24 23:38:49
user_447,job_979,saved,2024-05-15 16:26:11
user_290,job_626,applied,2024-09-12 04:20:21
user_360,job_104,applied,2024-05-30 23:50:59
user_17,job_797,applied,2024-10-28 11:21:53
user_339,job_242,applied,2025-02-17 08:19:55
user_11,job_824,saved,2024-07-17 00:12:12
user_403,job_112,saved,2024-06-12 12:11:23
user_413,job_175,saved,2025-03-31 11:52:52
user_76,job_621,applied,2025-04-22 23:15:38
user_326,job_824,saved,2024-06-13 10:42:44
user_139,job_98,saved,2024-12-27 18:18:36
user_266,job_82,saved,2024-10-17 09:31:49
user_182,job_237,applied,2024-09-13 15:37:59
user_478,job_980,saved,2025-02-06 00:13:51
user_287,job_794,applied,2025-03-18 03:25:24
user_178,job_350,saved,2025-04-12 07:39:31
user_116,job_469,applied,2024-08-17 12:47:03
user_161,job_553,applied,2024-06-12 23:02:10
user_99,job_904,applied,2024-06-24 12:41:35
user_409,job_984,saved,2024-05-09 00:53:28
user_421,job_473,saved,2025-02-10 20:04:49
user_497,job_548,applied,2024-12-07 09:56:09
user_55,job_649,saved,2025-04-13 21:11:53
user_52,job_449,saved,2024-10-04 10:01:29
user_256,job_549,saved,2024-11-25 03:34:11
user_478,job_630,applied,2024-11-20 18:31:49
user_271,job_687,applied,2025-03-14 04:14:00
user_194,job_773,saved,2024-09-06 11:06:58
user_41,job_312,saved,2025-01-30 14:10:26
user_224,job_505,saved,2025-03-31 16:24:34
user_404,job_857,saved,2025-01-29 04:23:30
user_79,job_48,saved,2024-05-24 09:59:49
user_271,job_484,saved,2025-03-20 06:45:13
user_381,job_41,saved,2025-04-07 10:44:08
user_95,job_942,saved,2024-08-12 13:14:08
user_469,job_800,applied,2025-02-17 04:44:18
user_141,job_315,saved,2024-07-07 03:40:32
user_327,job_376,saved,2024-12-27 04:08:41
user_62,job_162,saved,2024-09-23 09:19:35
user_432,job_508,applied,2024-06-01 14:40:12
user_389,job_363,saved,2024-07-09 07:15:00
user_186,job_361,applied,2025-03-20 11:29:00
user_136,job_667,saved,2024-10-14 23:26:44
user_491,job_720,saved,2025-01-17 22:15:33
user_205,job_479,applied,2024-12-31 16:35:33
user_176,job_732,applied,2024-08-07 12:03:35
user_74,job_14,applied,2024-11-12 20:29:12
user_144,job_208,applied,2024-06-16 09:34:26
user_44,job_760,applied,2025-01-27 22:26:49
user_169,job_379,saved,2024-11-07 12:00:20
user_147,job_25,applied,2025-03-16 16:25:23
user_224,job_984,applied,2024-08-05 00:28:37
user_420,job_121,saved,2024-09-30 05:17:21
user_215,job_708,applied,2024-09-02 16:20:42
user_347,job_85,saved,2024-08-02 22:02:52
user_497,job_729,saved,2024-07-20 07:23:34
user_326,job_567,applied,2024-05-22 14:46:49
user_343,job_873,saved,2025-02-05 00:29:35
user_204,job_392,saved,2025-02-21 23:14:43
user_388,job_909,applied,2024-09-03 22:05:56
user_277,job_645,applied,2025-03-26 20:46:44
user_49,job_949,saved,2024-06-29 22:10:59
user_51,job_627,applied,2024-10-01 02:38:14
user_228,job_189,saved,2024-06-01 14:00:31
user_475,job_540,saved,2025-03-31 12:14:01
user_103,job_167,saved,2025-03-19 10:45:15
user_296,job_117,saved,2024-05-24 09:36:13
user_9,job_847,saved,2025-01-07 04:54:28
user_339,job_69,applied,2025-04-03 10:28:50
user_213,job_79,saved,2024-10-12 02:03:40
user_336,job_805,applied,2024-07-09 23:49:05
user_1,job_40,saved,2024-08-01 05:25:03
user_328,job_817,saved,2024-09-13 14:07:52
user_29,job_98,saved,2024-05-27 22:14:05
user_64,job_941,saved,2024-09-29 21:21:37
user_442,job_581,saved,2025-03-11 22:26:59
user_78,job_489,saved,2025-02-21 21:01:46
user_311,job_821,saved,2024-11-11 21:54:39
user_234,job_29,saved,2024-05-14 01:46:42
user_443,job_171,saved,2024-05-30 17:15:43
user_291,job_276,saved,2024-05-09 03:11:30
user_321,job_573,saved,2024-10-15 05:30:14
user_288,job_443,saved,2024-10-28 16:01:41
user_233,job_920,saved,2024-08-06 08:10:04
user_84,job_981,applied,2024-09-02 22:49:32
user_464,job_965,saved,2025-03-06 18:32:02
user_334,job_106,applied,2024-07-01 00:43:54
user_152,job_695,applied,2024-12-15 15:57:31
user_368,job_595,applied,2024-12-05 06:12:11
user_49,job_379,applied,2024-08-18 13:23:46
user_232,job_712,saved,2025-04-19 21:51:44
user_251,job_264,applied,2024-05-06 05:28:56
user_387,job_122,applied,2024-11-28 02:26:17
user_52,job_464,applied,2025-02-06 13:08:11
user_269,job_174,saved,2025-03-10 08:20:02
user_325,job_975,applied,2024-07-06 10:17:48
user_433,job_501,saved,2024-11-03 03:44:47
user_183,job_532,saved,2025-04-18 13:48:22
user_441,job_196,saved,2025-02-16 00:08:42
user_340,job_536,applied,2024-08-28 00:13:20
user_33,job_469,applied,2024-05-12 14:56:20
user_140,job_20,saved,2024-10-26 20:22:45
user_289,job_171,applied,2025-04-14 09:05:50
user_62,job_381,applied,2024-06-12 02:46:37
user_97,job_993,applied,2025-01-25 10:39:55
user_215,job_923,saved,2024-08-30 14:08:21
user_245,job_393,saved,2025-01-19 07:16:15
user_122,job_11,saved,2024-10-23 12:54:07
user_119,job_119,applied,2025-03-10 13:22:17
user_135,job_761,saved,2025-03-03 10:29:58
user_85,job_482,applied,2024-04-30 21:52:04
user_1,job_168,saved,2024-06-25 06:56:13
user_229,job_812,applied,2024-11-26 20:22:58
user_327,job_972,applied,2024-09-09 11:47:26
user_241,job_349,applied,2024-12-15 19:36:43
user_138,job_521,applied,2024-10-20 17:57:35
user_280,job_343,saved,2025-03-17 14:52:59
user_40,job_488,saved,2024-10-27 19:28:11
user_323,job_53,applied,2025-01-13 05:48:16
user_298,job_430,saved,2024-05-29 04:38:18
user_446,job_557,saved,2024-10-17 14:58:49
user_18,job_708,saved,2024-10-27 11:46:59
user_118,job_47,saved,2024-06-25 23:17:42
user_452,job_988,saved,2024-05-10 06:50:33
user_104,job_209,applied,2024-06-01 08:44:07
user_371,job_673,saved,2025-02-06 01:23:59
user_136,job_362,saved,2025-01-28 10:31:02
user_363,job_938,saved,2024-12-08 08:17:25
user_441,job_485,applied,2025-02-07 13:07:02
user_19,job_763,applied,2024-10-27 02:08:03
user_443,job_507,applied,2024-07-16 08:30:54
user_142,job_292,applied,2024-08-14 05:45:27
user_161,job_815,saved,2024-05-25 06:56:56
user_30,job_574,applied,2025-01-10 04:04:51
user_300,job_928,applied,2024-07-27 22:03:12
user_437,job_736,saved,2024-12-19 05:25:31
user_334,job_157,saved,2025-03-04 12:42:05
user_9,job_864,applied,2024-08-30 14:04:40
user_75,job_515,saved,2025-01-03 00:46:12
user_46,job_194,applied,2025-02-20 02:29:51
user_310,job_218,applied,2025-04-06 05:29:28
user_114,job_51,applied,2024-07-03 00:49:51
user_352,job_433,saved,2025-02-05 13:26:11
user_171,job_437,applied,2024-11-17 15:34:50
user_330,job_702,applied,2024-12-11 11:39:14
user_45,job_33,saved,2024-12-03 17:19:56
user_32,job_647,applied,2024-07-19 08:21:29
user_163,job_389,saved,2024-12-07 21:39:47
user_409,job_687,applied,2024-07-23 18:37:11
user_433,job_796,applied,2024-06-14 16:05:40
user_310,job_612,applied,2024-05-20 16:15:56
user_386,job_899,applied,2024-06-12 10:16:14
user_13,job_778,saved,2024-06-29 14:49:14
user_261,job_969,saved,2025-02-07 23:51:39
user_383,job_596,saved,2024-09-03 09:27:15
user_419,job_921,applied,2024-05-05 20:10:35
user_32,job_856,applied,2024-08-03 12:27:47
user_287,job_992,saved,2024-07-26 13:09:53
user_188,job_574,saved,2025-03-03 19:10:50
user_312,job_229,applied,2024-10-02 06:08:14
user_226,job_574,applied,2024-05-12 16:03:53
user_163,job_261,applied,2024-07-31 10:34:19
user_322,job_818,saved,2024-11-26 08:36:45
user_98,job_966,saved,2024-09-24 06:56:56
user_147,job_622,applied,2024-11-22 04:55:10
user_388,job_65,saved,2024-11-19 18:20:19
user_410,job_782,applied,2025-02-24 01:12:32
user_451,job_595,saved,2024-05-21 07:15:29
user_161,job_265,applied,2024-07-22 11:47:01
user_19,job_280,applied,2024-11-12 00:48:03
user_332,job_477,saved,2024-08-22 18:43:37
user_402,job_893,applied,2024-11-16 12:50:20
user_171,job_323,saved,2024-07-01 04:12:48
user_460,job_304,applied,2024-09-17 06:52:37
user_478,job_240,saved,2024-07-29 03:19:25
user_313,job_40,applied,2024-05-15 12:28:51
user_134,job_280,saved,2025-04-02 23:41:41
user_394,job_481,saved,2024-12-03 13:15:27
user_227,job_21,saved,2025-01-20 10:48:59
user_251,job_258,saved,2024-10-19 10:33:57
user_216,job_775,applied,2024-07-25 22:05:59
user_185,job_710,applied,2024-08-21 02:53:44
user_148,job_609,saved,2024-09-12 04:09:31
user_100,job_208,applied,2024-11-01 08:51:05
user_88,job_796,saved,2025-03-31 16:08:39
user_324,job_4,applied,2024-11-05 22:36:17
user_69,job_676,saved,2024-11-14 03:39:53
user_165,job_864,applied,2024-08-31 07:34:34
user_200,job_62,applied,2024-10-23 13:33:58
user_2,job_431,saved,2024-06-01 17:59:47
user_4,job_17,applied,2025-04-15 19:24:44
user_51,job_612,applied,2025-03-02 11:39:29
user_134,job_24,saved,2024-06-29 14:15:13
user_268,job_782,applied,2024-08-02 17:09:23
user_299,job_582,applied,2024-08-09 22:30:34
user_323,job_743,saved,2024-10-09 23:03:19
user_106,job_652,applied,2024-11-15 23:52:22
user_373,job_508,saved,2025-01-05 08:20:15
user_243,job_407,applied,2025-04-17 08:18:25
user_100,job_455,saved,2024-06-22 04:47:57
user_240,job_346,applied,2024-10-06 04:26:21
user_428,job_319,saved,2024-07-10 06:57:03
user_442,job_837,saved,2024-05-11 11:36:55
user_288,job_313,saved,2024-05-04 06:37:38
user_280,job_442,applied,2025-02-09 02:23:15
user_477,job_992,applied,2024-07-10 23:21:53
user_4,job_89,saved,2024-06-19 05:59:35
user_399,job_215,saved,2024-08-20 07:15:52
user_341,job_353,saved,2024-08-07 20:04:08
user_307,job_992,saved,2024-08-17 14:18:31
user_287,job_821,applied,2025-04-11 10:29:54
user_332,job_159,saved,2025-03-30 19:29:42
user_266,job_688,saved,2024-11-09 00:53:57
user_489,job_949,saved,2024-08-04 02:10:07
user_434,job_256,applied,2024-06-19 08:52:37
user_276,job_304,applied,2024-09-27 16:23:32
user_404,job_393,saved,2024-11-04 14:08:20
user_491,job_662,applied,2024-05-04 14:38:57
user_147,job_987,applied,2025-01-10 15:41:06
user_412,job_6,applied,2025-04-01 19:29:45
user_374,job_646,saved,2024-04-24 19:01:17
user_298,job_496,saved,2024-11-14 09:20:56
user_263,job_192,saved,2025-02-17 11:35:45
user_389,job_448,saved,2025-03-01 03:16:54
user_340,job_42,applied,2024-08-01 21:54:26
user_453,job_387,applied,2025-03-03 17:20:57
user_308,job_942,saved,2024-05-29 00:47:08
user_228,job_797,saved,2024-10-10 19:20:20
user_125,job_239,saved,2025-03-23 05:13:00
user_443,job_286,saved,2024-10-12 16:02:51
user_175,job_844,saved,2025-03-16 18:17:56
user_413,job_891,saved,2025-02-12 21:47:44
user_303,job_186,saved,2024-10-09 11:25:36
user_412,job_584,applied,2025-01-11 11:56:05
user_195,job_850,applied,2024-07-12 07:50:08
user_233,job_333,applied,2024-07-04 20:19:18
user_190,job_263,saved,2024-08-01 17:36:01
user_146,job_50,saved,2024-06-10 10:52:41
user_144,job_39,applied,2025-01-04 13:28:12
user_405,job_373,applied,2025-01-01 02:21:39
user_467,job_69,applied,2024-11-15 17:09:03
user_121,job_6,applied,2025-04-20 20:47:30
user_227,job_511,saved,2024-10-15 12:15:16
user_109,job_133,saved,2024-11-03 14:31:10
user_346,job_774,applied,2025-04-23 12:43:53
user_387,job_144,saved,2024-05-18 21:17:43
user_334,job_961,applied,2025-04-07 08:00:40
user_132,job_435,applied,2024-12-19 22:58:15
user_194,job_208,applied,2025-03-21 01:51:36
user_412,job_366,applied,2025-04-11 16:53:37
user_386,job_321,saved,2025-02-06 08:48:01
user_329,job_476,saved,2024-10-08 09:50:02
user_344,job_175,saved,2024-08-22 19:48:00
user_257,job_714,applied,2025-01-18 12:51:28
user_442,job_681,applied,2025-03-14 14:57:25
user_493,job_529,saved,2025-02-21 00:48:26
user_151,job_315,applied,2025-01-07 14:36:35
user_420,job_320,applied,2025-03-30 10:32:39
user_109,job_171,applied,2024-11-20 18:50:09
user_202,job_752,saved,2025-03-27 16:06:39
user_281,job_141,applied,2024-06-27 23:14:49
user_497,job_222,applied,2024-09-16 12:52:10
user_114,job_84,applied,2025-02-14 03:09:05
user_410,job_310,applied,2024-04-24 10:44:28
user_43,job_501,applied,2024-05-12 14:57:59
user_252,job_368,applied,2025-02-08 19:05:47
user_116,job_480,saved,2025-03-14 16:31:14
user_215,job_393,saved,2025-02-11 11:11:53
user_445,job_335,saved,2024-09-24 18:08:56
user_375,job_727,applied,2024-09-12 15:57:36
user_194,job_773,applied,2025-02-23 01:01:06
user_199,job_429,saved,2025-01-20 06:17:00
user_490,job_16,saved,2025-02-18 04:50:11
user_243,job_372,applied,2024-11-30 09:52:53
user_400,job_607,applied,2024-09-09 23:43:05
user_407,job_922,saved,2024-06-17 02:25:33
user_7,job_421,saved,2024-04-24 20:47:46
user_35,job_850,saved,2025-04-02 12:47:52
user_388,job_514,applied,2024-09-30 17:28:42
user_373,job_551,applied,2025-01-06 21:02:58
user_493,job_475,saved,2024-10-15 14:35:29
user_233,job_453,saved,2024-10-30 05:03:07
user_154,job_582,applied,2025-02-17 19:14:48
user_33,job_830,applied,2024-10-30 14:33:13
user_405,job_573,saved,2025-01-15 15:42:34
user_193,job_386,saved,2024-11-27 21:08:21
user_191,job_697,saved,2024-07-09 04:14:24
user_50,job_759,saved,2024-05-08 19:02:00
user_323,job_841,saved,2024-08-18 10:55:55
user_386,job_760,applied,2024-11-05 04:49:18
user_137,job_276,saved,2025-03-10 19:09:41
user_451,job_294,saved,2024-08-05 12:36:05
user_148,job_88,saved,2024-09-16 08:39:44
user_332,job_798,saved,2024-12-18 09:56:22
user_185,job_374,saved,2025-04-09 01:50:10
user_489,job_307,saved,2024-10-25 15:20:54
user_467,job_828,applied,2024-05-26 05:15:06
user_308,job_967,saved,2025-03-19 17:31:25
user_176,job_978,saved,2024-08-30 11:25:20
user_409,job_173,saved,2024-09-24 13:34:45
user_39,job_530,applied,2024-11-10 05:08:51
user_266,job_707,saved,2025-01-30 18:32:01
user_250,job_36,saved,2024-05-17 19:44:18
user_223,job_233,saved,2024-09-11 04:32:11
user_174,job_383,applied,2025-01-12 18:45:25
user_315,job_247,saved,2024-09-07 13:32:02
user_205,job_436,applied,2024-11-16 06:06:17
user_63,job_200,saved,2024-07-21 11:16:24
user_84,job_464,applied,2025-04-07 18:15:38
user_230,job_803,saved,2024-04-25 06:29:46
user_141,job_287,saved,2024-05-27 21:45:42
user_29,job_51,saved,2024-10-24 23:47:59
user_111,job_790,saved,2024-07-24 07:18:56
user_18,job_705,applied,2024-10-19 23:46:51
user_433,job_655,saved,2024-10-23 00:13:06
user_38,job_525,applied,2024-11-11 21:19:18
user_105,job_138,applied,2024-10-23 20:55:25
user_287,job_139,applied,2024-11-04 12:53:13
user_201,job_755,applied,2024-06-21 04:30:40
user_49,job_743,saved,2025-04-10 08:20:33
user_215,job_677,saved,2024-11-09 21:36:17
user_330,job_292,saved,2024-07-05 03:46:54
user_491,job_489,saved,2025-01-22 11:26:09
user_299,job_703,applied,2024-05-30 08:06:41
user_72,job_102,applied,2025-03-28 18:15:40
user_472,job_327,saved,2025-02-12 09:38:21
user_60,job_874,applied,2025-04-11 09:06:36
user_188,job_925,saved,2024-09-04 15:50:39
user_35,job_304,applied,2024-12-22 07:20:52
user_6,job_529,applied,2024-08-13 06:02:41
user_215,job_231,applied,2024-09-09 15:22:51
user_448,job_134,applied,2024-07-11 12:41:54
user_254,job_166,saved,2025-02-15 21:12:30
user_374,job_584,saved,2024-08-18 10:05:55
user_182,job_396,saved,2024-10-10 19:01:03
user_348,job_686,saved,2025-03-25 02:54:15
user_30,job_870,saved,2024-12-03 11:58:12
user_41,job_618,saved,2024-12-08 07:26:19
user_55,job_516,saved,2025-04-10 20:19:10
user_394,job_855,applied,2024-06-17 03:56:06
user_8,job_864,applied,2024-09-11 16:56:05
user_381,job_516,applied,2024-11-18 05:32:42
user_144,job_235,applied,2024-12-05 05:23:41
user_381,job_179,applied,2024-09-03 01:42:33
user_86,job_453,applied,2024-11-18 10:59:30
user_111,job_167,applied,2025-04-18 02:41:34
user_135,job_793,applied,2024-08-08 05:37:14
user_114,job_224,saved,2025-03-21 18:13:39
user_469,job_552,applied,2024-04-27 03:16:36
user_264,job_965,applied,2024-06-30 19:47:15
user_299,job_428,saved,2025-01-06 19:37:37
user_327,job_922,applied,2024-05-12 21:51:18
user_234,job_356,saved,2024-06-26 06:55:15
user_57,job_558,saved,2024-10-11 12:19:29
user_313,job_527,applied,2025-03-27 06:17:30
user_75,job_792,saved,2024-07-30 10:47:05
user_285,job_206,applied,2025-02-27 15:15:42
user_161,job_664,applied,2024-06-02 17:09:37
user_468,job_25,applied,2025-02-13 04:51:15
user_185,job_692,applied,2025-02-25 23:22:03
user_90,job_405,saved,2024-10-05 16:27:02
user_321,job_890,applied,2024-12-28 16:16:00
user_61,job_704,saved,2024-08-02 01:27:25
user_178,job_372,saved,2024-11-05 05:20:15
user_220,job_624,saved,2025-04-11 16:03:31
user_186,job_982,applied,2025-01-28 14:02:19
user_352,job_644,saved,2024-06-06 21:08:58
user_298,job_999,applied,2024-06-30 03:30:31
user_280,job_427,applied,2024-07-06 13:12:25
user_248,job_445,saved,2024-04-25 18:11:07
user_465,job_359,applied,2024-05-13 07:04:20
user_306,job_529,applied,2025-01-17 18:22:48
user_290,job_613,saved,2024-09-03 21:37:47
user_287,job_236,applied,2024-11-03 13:12:06
user_356,job_12,saved,2024-10-16 00:50:47
user_279,job_772,applied,2024-05-15 12:58:23
user_18,job_173,saved,2024-05-16 18:22:27
user_306,job_84,saved,2025-03-27 13:36:45
user_144,job_634,applied,2024-08-15 02:06:37
user_473,job_824,saved,2024-05-29 12:41:01
user_419,job_475,applied,2024-05-23 23:42:56
user_467,job_502,saved,2024-07-24 13:33:59
user_223,job_702,saved,2024-09-25 19:56:26
user_85,job_72,applied,2025-04-14 07:58:08
user_201,job_309,saved,2025-02-22 00:27:58
user_55,job_200,saved,2025-02-16 23:28:47
user_248,job_547,applied,2024-05-09 08:45:49
user_123,job_417,applied,2024-06-03 05:37:18
user_194,job_622,saved,2025-04-09 01:28:59
user_465,job_464,applied,2024-08-15 11:42:20
user_185,job_722,applied,2024-12-05 20:38:06
user_17,job_760,applied,2024-07-08 00:04:37
user_30,job_660,saved,2024-08-21 18:50:38
user_369,job_669,applied,2025-02-12 12:43:42
user_287,job_566,applied,2024-06-23 11:12:12
user_490,job_234,saved,2024-07-08 11:54:24
user_346,job_958,applied,2024-09-01 17:55:40
user_450,job_859,applied,2024-08-29 04:15:22
user_389,job_600,saved,2024-08-30 08:37:00
user_263,job_272,applied,2024-08-03 14:54:15
user_440,job_109,saved,2024-11-20 06:27:27
user_389,job_645,saved,2025-03-11 06:54:24
user_88,job_151,saved,2024-07-19 14:11:21
user_27,job_102,applied,2024-11-10 15:56:21
user_135,job_197,saved,2024-09-16 17:31:03
user_92,job_99,applied,2024-10-09 10:41:54
user_311,job_624,applied,2025-02-10 06:49:32
user_182,job_411,saved,2025-02-20 02:14:31
user_294,job_114,saved,2024-04-24 18:26:07
user_2,job_475,saved,2024-10-20 18:04:04
user_60,job_165,saved,2024-11-17 00:22:24
user_92,job_496,saved,2025-03-16 11:40:08
user_314,job_564,saved,2025-04-14 05:17:50
user_419,job_698,applied,2024-07-13 03:04:05
user_367,job_505,applied,2024-09-14 17:21:16
user_161,job_128,saved,2024-05-25 09:32:02
user_442,job_518,applied,2024-07-12 20:59:58
user_271,job_935,saved,2024-09-13 13:07:34
user_392,job_306,saved,2024-11-07 12:19:51
user_188,job_481,saved,2025-01-19 23:04:47
user_272,job_795,saved,2025-02-04 07:39:53
user_277,job_581,applied,2024-11-25 17:33:47
user_338,job_804,applied,2024-11-23 19:42:28
user_332,job_338,applied,2024-08-30 21:09:25
user_161,job_831,saved,2025-03-15 03:01:29
user_379,job_500,saved,2024-11-22 19:06:43
user_324,job_396,applied,2024-11-25 06:56:43
user_222,job_8,saved,2024-04-28 09:23:29
user_347,job_60,saved,2025-02-18 21:23:07
user_311,job_174,saved,2024-07-20 11:42:04
user_357,job_211,applied,2025-03-19 09:49:31
user_95,job_391,saved,2024-09-28 21:51:13
user_74,job_899,saved,2024-07-18 00:19:21
user_490,job_863,saved,2024-12-28 12:25:36
user_202,job_574,saved,2024-10-06 14:08:06
user_369,job_115,saved,2024-04-28 00:17:55
user_497,job_249,saved,2024-09-04 10:53:56
user_412,job_651,applied,2024-08-17 11:02:14
user_451,job_740,saved,2024-09-28 12:28:50
user_61,job_495,applied,2025-01-04 01:15:13
user_263,job_749,saved,2025-03-12 11:34:41
user_134,job_514,saved,2024-06-10 22:50:26
user_303,job_795,applied,2025-04-18 04:01:52
user_64,job_727,saved,2024-11-30 03:31:27
user_144,job_497,saved,2025-02-27 07:24:12
user_79,job_954,saved,2024-09-19 21:51:59
user_35,job_554,applied,2025-03-24 20:22:57
user_251,job_607,saved,2024-07-20 21:00:28
user_298,job_722,saved,2024-05-14 06:12:29
user_175,job_142,saved,2024-05-17 04:04:02
user_243,job_204,saved,2024-10-20 05:18:34
user_448,job_429,saved,2025-02-05 13:50:38
user_231,job_787,saved,2025-03-03 21:44:43
user_125,job_235,saved,2024-06-23 01:54:21
user_281,job_768,saved,2024-09-21 01:30:09
user_121,job_929,applied,2025-02-22 10:57:16
user_391,job_266,applied,2025-04-04 05:53:40
user_251,job_532,saved,2024-08-24 17:02:57
user_442,job_807,applied,2024-07-19 21:02:36
user_381,job_347,saved,2024-12-01 20:59:30
user_274,job_830,saved,2025-04-17 01:50:07
user_269,job_108,applied,2025-01-25 16:02:53
user_351,job_764,saved,2024-05-25 16:16:53
user_440,job_829,applied,2024-07-26 09:52:20
user_229,job_321,saved,2024-11-16 11:32:52
user_116,job_448,applied,2024-08-29 03:47:43
user_130,job_270,applied,2024-11-05 14:08:46
user_31,job_455,saved,2024-11-04 22:53:31
user_149,job_337,saved,2024-11-04 09:31:52
user_339,job_64,saved,2025-02-20 08:42:07
user_116,job_617,applied,2024-08-13 02:06:32
user_248,job_657,applied,2024-12-31 01:31:04
user_323,job_254,applied,2024-10-19 20:19:24
user_35,job_177,saved,2024-12-30 23:29:32
user_324,job_111,applied,2024-11-01 12:24:38
user_373,job_546,saved,2024-07-17 19:43:31
user_443,job_841,applied,2025-02-09 14:54:18
user_147,job_987,applied,2025-03-05 02:45:25
user_437,job_866,saved,2025-03-30 19:40:47
user_402,job_858,applied,2024-11-30 03:37:10
user_333,job_113,saved,2025-02-14 12:03:57
user_456,job_301,saved,2024-08-24 12:10:40
user_347,job_79,saved,2024-05-14 12:16:04
user_90,job_749,applied,2025-03-22 02:16:59
user_111,job_213,applied,2025-01-10 07:47:11
user_410,job_89,saved,2025-02-18 16:51:38
user_318,job_633,applied,2025-02-21 17:50:44
user_342,job_222,saved,2024-12-26 02:06:33
user_35,job_807,saved,2024-09-23 19:56:15
user_451,job_785,saved,2024-09-13 13:40:58
user_434,job_813,applied,2025-02-06 17:03:58
user_422,job_258,applied,2024-11-27 06:50:00
user_10,job_71,saved,2024-08-02 07:17:24
user_146,job_759,saved,2025-03-14 07:30:59
user_229,job_813,applied,2024-05-14 01:53:23
user_428,job_803,saved,2025-03-05 07:55:32
user_92,job_941,saved,2024-05-04 08:37:33
user_432,job_176,applied,2025-01-20 05:30:18
user_49,job_370,saved,2025-01-23 04:46:22
user_434,job_115,saved,2024-11-12 02:16:27
user_420,job_182,applied,2025-03-04 10:24:35
user_342,job_987,applied,2025-04-19 22:42:34
user_30,job_125,saved,2024-12-25 22:41:12
user_286,job_462,saved,2024-07-01 14:27:42
user_192,job_524,saved,2024-08-24 16:04:13
user_491,job_695,applied,2024-08-30 12:41:30
user_229,job_389,saved,2025-03-22 01:39:13
user_500,job_691,applied,2025-02-13 11:43:03
user_363,job_670,applied,2025-03-10 06:37:10
user_77,job_356,applied,2025-04-16 22:40:09
user_257,job_194,applied,2024-07-24 05:19:11
user_291,job_103,applied,2024-08-23 03:15:15
user_130,job_747,saved,2024-08-28 10:36:02
user_312,job_330,saved,2024-11-02 15:43:59
user_169,job_689,saved,2024-05-05 12:59:26
user_49,job_18,applied,2024-05-05 10:55:16
user_43,job_531,applied,2025-01-02 16:39:00
user_453,job_696,saved,2025-02-01 06:41:52
user_221,job_193,saved,2025-01-31 23:25:11
user_467,job_978,applied,2024-12-02 01:54:08
user_305,job_249,saved,2024-11-07 17:52:14
user_152,job_247,applied,2024-09-13 00:52:15
user_184,job_377,applied,2024-08-08 20:31:19
user_387,job_137,saved,2024-08-27 07:27:27
user_46,job_24,saved,2024-09-24 01:07:25
user_290,job_384,saved,2025-01-29 16:49:14
user_280,job_279,applied,2024-06-20 19:07:05
user_105,job_756,applied,2025-04-10 12:26:07
user_51,job_458,saved,2025-01-28 07:23:57
user_445,job_44,saved,2025-01-30 00:21:22
user_433,job_437,saved,2024-10-28 00:37:47
user_439,job_925,applied,2024-09-25 22:32:28
user_335,job_542,applied,2025-03-05 19:07:18
user_163,job_49,applied,2025-01-10 07:19:40
user_178,job_588,saved,2024-06-11 10:33:17
user_249,job_558,saved,2024-08-21 14:31:14
user_412,job_330,saved,2024-06-11 12:23:36
user_369,job_952,saved,2024-10-24 13:02:44
user_27,job_912,applied,2024-12-01 10:21:18
user_65,job_550,applied,2024-12-10 09:33:45
user_367,job_396,applied,2025-04-11 04:08:51
user_274,job_728,applied,2024-12-19 18:35:38
user_95,job_347,applied,2024-06-02 08:52:05
user_236,job_823,saved,2024-11-10 06:07:05
user_200,job_344,saved,2024-11-04 02:33:52
user_296,job_252,applied,2025-03-09 12:48:37
user_341,job_420,applied,2025-04-02 06:03:34
user_43,job_429,applied,2024-06-24 17:45:52
user_77,job_346,saved,2024-10-16 03:11:04
user_287,job_494,applied,2024-06-30 05:12:36
user_146,job_414,saved,2024-12-04 12:53:07
user_410,job_147,applied,2025-04-15 06:22:00
user_198,job_477,applied,2024-06-06 11:35:00
user_321,job_121,applied,2024-08-06 14:57:19
user_439,job_461,applied,2024-07-31 00:43:44
user_314,job_293,saved,2024-08-21 23:24:56
user_241,job_302,applied,2025-04-08 20:56:31
user_432,job_64,saved,2024-07-23 16:08:27
user_384,job_135,applied,2025-01-04 18:26:16
user_109,job_964,applied,2024-08-23 10:44:33
user_482,job_894,saved,2024-10-31 02:32:30
user_399,job_910,saved,2024-06-26 04:42:52
user_464,job_959,saved,2025-02-17 04:48:09
user_235,job_793,saved,2024-10-27 12:33:25
user_413,job_162,saved,2024-06-21 20:30:20
user_79,job_954,applied,2024-07-03 06:11:25
user_431,job_952,applied,2024-12-21 02:17:29
user_208,job_178,applied,2024-09-26 01:01:24
user_240,job_223,applied,2024-12-29 21:09:06
user_198,job_922,applied,2024-06-09 21:29:09
user_233,job_290,applied,2024-10-12 01:45:54
user_179,job_710,applied,2025-03-23 13:55:58
user_31,job_21,applied,2025-01-26 02:58:06
user_310,job_760,applied,2025-02-10 16:01:07
user_326,job_50,saved,2025-01-03 09:23:59
user_205,job_20,saved,2024-07-10 07:22:34
user_369,job_972,applied,2025-01-23 00:58:50
user_473,job_891,saved,2024-09-24 22:43:34
user_192,job_515,saved,2025-02-28 23:32:07
user_339,job_732,applied,2025-04-18 20:30:02
user_66,job_956,applied,2025-02-04 03:10:57
user_325,job_192,saved,2025-03-12 03:00:32
user_45,job_398,applied,2024-08-13 13:58:32
user_172,job_690,applied,2024-05-18 01:15:14
user_243,job_586,applied,2024-07-02 01:41:58
user_268,job_703,applied,2024-09-27 13:51:19
user_170,job_837,saved,2025-02-26 00:13:17
user_19,job_303,saved,2025-01-31 02:02:53
user_41,job_539,applied,2024-11-30 09:11:57
user_421,job_655,saved,2024-12-13 18:06:13
user_200,job_989,applied,2024-05-18 15:09:43
user_216,job_2,applied,2024-11-13 10:09:01
user_243,job_308,saved,2024-10-13 19:14:59
user_95,job_335,applied,2024-11-21 07:21:11
user_52,job_175,saved,2025-02-09 12:17:09
user_56,job_275,applied,2024-05-27 08:36:43
user_186,job_891,applied,2025-03-03 02:52:55
user_174,job_120,applied,2025-04-15 11:54:57
user_344,job_897,saved,2025-03-22 16:26:55
user_446,job_634,saved,2024-07-11 11:17:23
user_374,job_929,applied,2025-02-22 17:53:14
user_43,job_10,saved,2025-03-22 17:12:39
user_205,job_143,saved,2024-12-30 22:41:00
user_193,job_824,saved,2025-04-09 07:32:38
user_143,job_898,saved,2024-10-31 18:38:39
user_344,job_800,applied,2024-10-20 04:41:03
user_250,job_671,applied,2024-08-19 22:08:54
user_118,job_848,applied,2024-07-05 14:09:46
user_352,job_381,saved,2024-06-09 17:45:07
user_100,job_319,saved,2024-11-10 10:39:44
user_420,job_471,applied,2024-07-11 05:52:08
user_403,job_562,applied,2024-10-13 03:57:27
user_244,job_407,applied,2025-04-04 01:05:36
user_432,job_765,saved,2024-08-07 20:39:57
user_433,job_901,applied,2024-12-30 03:57:41
user_86,job_120,saved,2024-05-29 02:43:27
user_45,job_249,saved,2024-10-26 14:46:34
user_400,job_974,saved,2024-05-29 09:04:01
user_206,job_158,applied,2024-12-29 11:03:14
user_423,job_844,applied,2024-12-22 18:38:10
user_339,job_782,applied,2025-02-22 20:48:44
user_378,job_120,applied,2025-04-16 12:03:19
user_204,job_365,applied,2024-12-19 06:58:20
user_251,job_445,applied,2024-08-27 17:27:46
user_364,job_193,applied,2024-12-15 19:22:00
user_172,job_16,saved,2024-12-15 23:01:49
user_467,job_10,applied,2024-06-03 11:30:58
user_326,job_146,saved,2024-12-22 20:50:27
user_183,job_993,saved,2025-04-21 12:26:49
user_125,job_880,saved,2024-06-19 10:47:12
user_191,job_406,saved,2024-08-21 10:15:22
user_452,job_861,applied,2025-04-04 14:23:46
user_311,job_39,applied,2024-11-08 06:24:53
user_350,job_664,saved,2024-12-17 21:34:53
user_190,job_26,saved,2024-09-25 23:14:48
user_343,job_604,applied,2024-08-22 00:36:41
user_330,job_884,saved,2025-01-05 11:46:29
user_146,job_722,saved,2025-04-21 20:50:06
user_278,job_680,applied,2024-06-11 17:34:30
user_29,job_926,applied,2024-05-30 04:37:08
user_105,job_588,applied,2024-05-08 00:55:14
user_318,job_423,saved,2024-06-21 19:18:18
user_273,job_988,saved,2024-09-25 12:52:01
user_131,job_442,applied,2024-05-15 04:25:59
user_215,job_716,saved,2024-12-12 20:27:59
user_197,job_215,saved,2024-06-22 21:07:54
user_290,job_206,applied,2024-08-27 20:36:44
user_480,job_27,applied,2024-11-03 10:54:33
user_184,job_183,applied,2024-10-19 21:47:30
user_399,job_48,saved,2024-05-22 02:56:04
user_333,job_645,applied,2025-04-14 04:42:10
user_10,job_639,saved,2025-01-06 17:09:38
user_26,job_456,applied,2024-09-02 20:55:45
user_294,job_211,applied,2025-01-11 06:09:28
